,Unnamed: 0,artist_name,track_id,track_name,acousticness,danceability,duration_ms,energy,instrumentalness,key,liveness,loudness,mode,speechiness,tempo,time_signature,valence,popularity,simple_track_name,simple_track_and_artist,artist_popularity,Afghanistan,Albania,Algeria,American Samoa,Andorra,Angola,Anguilla,Antarctica,Antigua & Barbuda,Argentina,Armenia,Aruba,Australia,Austria,Azerbaijan,Bahamas,Bahrain,Bangladesh,Barbados,Belarus,Belgium,Belize,Benin,Bermuda,Bhutan,Bolivia,Bosnia & Herzegovina,Botswana,Bouvet Island,Brazil,British Indian Ocean Territory,British Virgin Islands,Brunei,Bulgaria,Burkina Faso,Burundi,Cambodia,Cameroon,Canada,Cape Verde,Caribbean Netherlands,Cayman Islands,Central African Republic,Chad,Chile,China,Christmas Island,Cocos (Keeling) Islands,Colombia,Comoros,Congo - Brazzaville,Congo - Kinshasa,Cook Islands,Costa Rica,Croatia,Cuba,Curaçao,Cyprus,Czechia,Côte d’Ivoire,Denmark,Djibouti,Dominica,Dominican Republic,Ecuador,Egypt,El Salvador,Equatorial Guinea,Eritrea,Estonia,Ethiopia,Falkland Islands (Islas Malvinas),Faroe Islands,Fiji,Finland,France,French Guiana,French Polynesia,French Southern Territories,Gabon,Gambia,Georgia,Germany,Ghana,Gibraltar,Greece,Greenland,Grenada,Guadeloupe,Guam,Guatemala,Guernsey,Guinea,Guinea-Bissau,Guyana,Haiti,Heard & McDonald Islands,Honduras,Hong Kong,Hungary,Iceland,India,Indonesia,Iran,Iraq,Ireland,Isle of Man,Israel,Italy,Jamaica,Japan,Jersey,Jordan,Kazakhstan,Kenya,Kiribati,Kosovo,Kuwait,Kyrgyzstan,Laos,Latvia,Lebanon,Lesotho,Liberia,Libya,Liechtenstein,Lithuania,Luxembourg,Macau,Macedonia (FYROM),Madagascar,Malawi,Malaysia,Maldives,Mali,Malta,Marshall Islands,Martinique,Mauritania,Mauritius,Mayotte,Mexico,Micronesia,Moldova,Monaco,Mongolia,Montenegro,Montserrat,Morocco,Mozambique,Myanmar (Burma),Namibia,Nauru,Nepal,Netherlands,New Caledonia,New Zealand,Nicaragua,Niger,Nigeria,Niue,Norfolk Island,North Korea,Northern Mariana Islands,Norway,Oman,Pakistan,Palau,Palestine,Panama,Papua New Guinea,Paraguay,Peru,Philippines,Pitcairn Islands,Poland,Portugal,Puerto Rico,Qatar,Romania,Russia,Rwanda,Réunion,Samoa,San Marino,Saudi Arabia,Senegal,Serbia,Seychelles,Sierra Leone,Singapore,Sint Maarten,Slovakia,Slovenia,Solomon Islands,Somalia,South Africa,South Georgia & South Sandwich Islands,South Korea,South Sudan,Spain,Sri Lanka,St. Barthélemy,St. Helena,St. Kitts & Nevis,St. Lucia,St. Martin,St. Pierre & Miquelon,St. Vincent & Grenadines,Sudan,Suriname,Svalbard & Jan Mayen,Swaziland,Sweden,Switzerland,Syria,São Tomé & Príncipe,Taiwan,Tajikistan,Tanzania,Thailand,Timor-Leste,Togo,Tokelau,Tonga,Trinidad & Tobago,Tunisia,Turkey,Turkmenistan,Turks & Caicos Islands,Tuvalu,U.S. Outlying Islands,U.S. Virgin Islands,Uganda,Ukraine,United Arab Emirates,United Kingdom,United States,Uruguay,Uzbekistan,Vanuatu,Vatican City,Venezuela,Vietnam,Wallis & Futuna,Western Sahara,Yemen,Zambia,Zimbabwe,Åland Islands,date_and_views
0,41300,Knowmadic,0iL2KB75MWyO0FxxdLxh11,Slump,0.5820000000000001,0.579,118812,0.564,0.6579999999999999,3,0.111,-11.503,0,0.321,202.291,4,0.433,23,Slump,Slump Knowmadic,61.0,0,0,0,0,0,0,0,0,0,2,0,0,25,7,0,90,0,0,100,0,13,0,0,0,0,0,0,0,0,1,0,0,0,9,0,0,0,0,32,0,0,0,0,0,4,0,0,0,2,0,0,0,0,0,7,0,0,0,6,0,28,0,0,0,0,0,0,0,0,0,0,0,0,0,24,8,0,0,0,0,0,0,7,0,0,7,0,0,0,0,0,0,0,0,0,0,0,0,0,8,0,1,2,0,0,23,0,5,6,49,1,0,0,0,11,0,0,0,0,0,0,0,0,0,0,0,15,0,0,0,0,0,2,0,0,0,0,0,0,0,0,2,0,0,0,0,0,0,2,0,0,0,0,0,12,0,42,0,0,0,0,0,0,0,23,0,0,0,0,0,0,0,1,2,0,5,13,0,0,10,2,0,0,0,0,1,0,6,0,0,4,0,0,0,0,0,25,0,1,0,5,0,0,0,0,0,0,0,0,0,0,0,0,16,14,0,0,0,0,0,0,0,0,0,0,52,0,1,0,0,0,0,0,0,3,4,20,62,0,0,0,0,0,1,0,0,0,0,0,0,"('375', 'Jan 19, 2018')"
1,41301,Naked Giants,3RHB1DY2dsme0PLBQyFeSV,We're Alone,0.000629,0.33,232387,0.9209999999999999,0.00465,11,0.6559999999999999,-5.7120000000000015,0,0.292,172.528,4,0.5670000000000001,25,We're Alone,We're Alone Naked Giants,38.0,0,0,0,0,0,0,0,0,0,0,0,0,55,0,0,0,0,0,0,0,0,0,0,0,0,0,0,0,0,18,0,0,0,0,0,0,0,0,52,0,0,0,0,0,0,0,0,0,0,0,0,0,0,0,0,0,0,0,0,0,0,0,0,0,0,0,0,0,0,0,0,0,0,0,0,8,0,0,0,0,0,0,16,0,0,0,0,0,0,0,0,0,0,0,0,0,0,0,0,0,0,4,17,0,0,100,0,0,15,0,9,0,0,0,0,0,0,0,0,0,0,0,0,0,0,0,0,0,0,0,0,0,17,0,0,0,0,0,0,0,0,10,0,0,0,0,0,0,0,0,0,0,0,0,30,0,49,0,0,0,0,0,0,0,0,0,0,0,0,0,0,0,0,91,0,11,0,0,0,0,0,0,0,0,0,0,0,0,0,0,0,0,0,0,0,0,49,0,0,0,15,0,0,0,0,0,0,0,0,0,0,0,0,0,0,0,0,0,0,0,0,0,0,0,0,0,0,0,0,0,0,0,0,0,0,0,64,49,0,0,0,0,0,0,0,0,0,0,0,0,"('2648', 'Mar 29, 2018')"
2,41302,Utopia Finite,40xkuDZCFdmkLw9UmqkWmz,Cool Cat,0.9309999999999999,0.7240000000000001,118763,0.156,0.8059999999999999,4,0.11199999999999999,-21.068,0,0.196,97.10799999999999,3,0.313,0,Cool Cat,Cool Cat Utopia Finite,7.0,0,0,0,0,0,0,0,0,0,5,0,0,40,0,0,0,0,1,0,0,13,0,0,0,0,0,0,0,0,5,0,0,0,0,0,0,0,0,36,0,0,0,0,0,7,0,0,0,2,0,0,0,0,0,0,0,0,0,14,0,18,0,0,0,0,0,0,0,0,0,0,0,0,0,20,17,0,0,0,0,0,0,10,0,0,0,0,0,0,0,0,0,0,0,0,0,0,0,0,0,0,2,2,0,0,31,0,0,5,0,1,0,0,0,0,0,0,0,0,0,0,0,0,0,0,0,0,0,0,0,0,0,9,0,0,0,0,0,0,0,0,6,0,0,0,0,0,0,2,0,0,0,0,0,12,0,48,0,0,0,0,0,0,0,18,0,0,0,0,0,0,0,4,6,0,8,9,0,0,8,2,0,0,0,0,0,0,0,0,0,12,0,0,0,0,0,100,0,0,0,6,0,0,0,0,0,0,0,0,0,0,0,0,16,10,0,0,1,0,0,2,0,0,0,0,0,0,1,0,0,0,0,0,0,4,7,34,43,0,0,0,0,0,0,0,0,0,0,0,0,"('6054', 'Jan 19, 2019')"
3,41303,Thunderstorms,5wOFvDRpUYOJXIRgLpiENI,Storm Sound 4-10,0.48700000000000004,0.205,60000,0.6459999999999999,0.9159999999999999,0,0.354,-24.454,1,0.0663,111.83,5,0.0396,0,Storm Sound 4,Storm Sound 4 Thunderstorms,61.0,0,0,0,0,0,0,0,0,0,0,0,0,0,0,0,0,0,0,0,0,0,0,0,0,0,0,0,0,0,0,0,0,0,0,0,0,0,0,0,0,0,0,0,0,0,0,0,0,0,0,0,0,0,0,0,0,0,0,0,0,0,0,0,0,0,0,0,0,0,0,0,0,0,0,0,0,0,0,0,0,0,0,0,0,0,0,0,0,0,0,0,0,0,0,0,0,0,0,0,0,0,0,0,0,0,0,0,0,0,0,0,0,0,0,0,0,0,0,0,0,0,0,0,0,0,0,0,0,0,0,0,0,0,0,0,0,0,0,0,0,0,0,0,0,0,0,0,0,0,0,0,0,0,0,0,0,0,0,0,0,0,0,0,0,0,0,0,0,0,0,0,0,0,0,0,0,0,0,0,0,0,0,0,0,0,0,0,0,0,0,0,0,0,0,0,0,0,0,0,0,0,0,0,0,0,0,0,0,0,0,0,0,0,0,0,0,0,0,0,0,0,0,0,0,0,0,0,0,0,0,0,0,0,0,0,0,0,0,0,0,0,0,0,0,0,0,0,0,0,0,"('50637617', 'Apr 7, 2015')"
4,41304,Julian Roy,0DU73PFoMYsfazLOATWe0T,Something Real,0.0604,0.6709999999999999,186720,0.529,0.0,0,0.163,-8.718,1,0.0333,96.52799999999999,4,0.28300000000000003,9,Something Real,Something Real Julian Roy,22.0,0,0,0,0,0,0,0,0,0,8,0,0,53,0,0,0,0,0,0,0,0,0,0,0,0,0,0,0,0,8,0,0,0,0,0,0,0,0,52,0,0,0,0,0,16,0,0,0,16,0,0,0,0,0,0,0,0,0,0,0,0,0,0,0,16,0,0,0,0,0,0,0,0,0,0,8,0,0,0,0,0,0,14,0,0,16,0,0,0,0,0,0,0,0,0,0,0,0,0,14,0,10,9,0,0,100,0,0,15,69,0,0,0,0,0,0,0,0,0,0,0,0,0,0,0,0,0,0,0,0,0,0,19,0,0,0,0,0,0,0,0,10,0,0,0,0,0,0,0,0,0,0,0,0,23,0,83,0,0,0,0,0,0,0,0,0,0,0,0,0,0,0,6,35,0,12,28,33,0,0,2,0,0,0,0,0,0,0,0,0,0,0,0,0,0,0,77,0,0,0,19,0,0,0,0,0,0,0,0,0,0,0,0,0,0,0,0,0,0,0,4,0,0,0,0,63,0,0,0,0,0,0,0,0,3,0,50,84,0,0,0,0,8,0,0,0,0,0,0,0,"('182', 'Feb 8, 2019')"
5,41305,Lone,52WcOREWe7aCZ2phMkDhly,Temples,0.0006,0.39299999999999996,452984,0.9359999999999999,0.8590000000000001,6,0.105,-5.229,0,0.0728,123.777,4,0.282,12,Temples,Temples Lone,48.0,0,0,0,0,0,0,0,0,0,6,0,0,20,12,0,0,0,9,0,0,14,0,0,0,0,0,0,0,0,3,0,0,0,0,0,0,7,0,26,0,0,0,0,0,13,0,0,0,4,0,0,0,0,7,0,0,0,0,10,0,0,0,0,0,4,0,0,0,0,0,0,0,0,0,13,15,0,0,0,0,0,0,7,0,0,12,0,0,0,0,0,0,0,0,0,0,0,0,0,12,0,100,2,0,0,0,0,8,6,0,3,0,0,0,0,0,0,0,0,0,0,0,0,0,0,0,0,0,0,0,0,0,12,0,0,0,0,0,0,31,0,11,0,0,0,0,0,0,0,0,0,0,0,31,18,0,18,0,0,0,0,0,0,0,0,0,7,0,0,0,0,0,6,6,0,6,28,0,0,4,2,0,0,0,0,3,0,0,0,0,21,0,0,0,0,0,21,0,0,0,11,26,0,0,0,0,0,0,0,0,0,0,0,10,19,0,0,0,0,0,1,0,0,0,0,42,0,1,0,0,0,0,0,0,3,12,20,20,0,0,0,0,0,0,0,0,0,0,0,0,"('80247', 'Jan 17, 2018')"
6,41306,Onra,4AxQ2mQae3WLFBAi0Ierck,Freak ft. Lewis McCallum,0.0287,0.593,146097,0.9259999999999999,0.00029,2,0.685,-7.599,1,0.34600000000000003,98.001,4,0.20199999999999999,26,Freak ft. Lewis McCallum,Freak ft. Lewis McCallum Onra,53.0,0,0,0,0,0,0,0,0,0,0,0,0,0,0,0,0,0,0,0,0,0,0,0,0,0,0,0,0,0,0,0,0,0,0,0,0,0,0,0,0,0,0,0,0,0,0,0,0,0,0,0,0,0,0,0,0,0,0,0,0,0,0,0,0,0,0,0,0,0,0,0,0,0,0,0,0,0,0,0,0,0,0,0,0,0,0,0,0,0,0,0,0,0,0,0,0,0,0,0,0,0,0,0,0,0,0,0,0,0,0,0,0,0,0,0,0,0,0,0,0,0,0,0,0,0,0,0,0,0,0,0,0,0,0,0,0,0,0,0,0,0,0,0,0,0,0,0,0,0,0,0,0,0,0,0,0,0,0,0,0,0,0,0,0,0,0,0,0,0,0,0,0,0,0,0,0,0,0,0,0,0,0,0,0,0,0,0,0,0,0,0,0,0,0,0,0,0,0,0,0,0,0,0,0,0,0,0,0,0,0,0,0,0,0,0,0,0,0,0,0,0,0,0,0,0,0,0,0,0,0,0,0,0,0,0,0,0,0,0,0,0,0,0,0,0,0,0,0,0,0,"('1814', 'Feb 14, 2018')"
7,41307,Project Youngin,24jOce47HvOF4HzJEP4pWK,Apologize,0.0009720000000000001,0.7929999999999999,175148,0.635,0.0,10,0.153,-7.2570000000000014,1,0.106,145.951,4,0.5329999999999999,12,Apologize,Apologize Project Youngin,43.0,0,32,12,0,0,0,0,0,0,10,0,0,33,53,0,0,0,9,0,0,44,0,0,0,0,16,0,0,0,20,0,0,0,35,0,0,26,0,47,0,0,0,0,0,26,0,0,0,13,0,0,0,0,29,29,0,0,0,73,0,33,0,0,12,18,4,43,0,0,0,0,0,0,0,44,44,0,0,0,0,0,21,41,0,0,40,0,0,0,0,24,0,0,0,0,0,0,24,29,49,0,6,16,0,0,36,0,20,47,69,3,0,10,10,30,0,0,12,0,0,50,16,0,0,0,0,47,0,0,0,0,0,30,0,0,0,0,0,0,81,0,15,0,0,0,0,0,0,16,0,0,0,0,27,35,0,32,0,0,0,0,0,0,0,33,0,6,0,0,0,0,24,21,52,0,43,46,0,0,44,6,0,0,0,0,6,0,20,0,0,29,0,50,46,0,0,35,0,3,0,27,0,0,0,0,0,0,0,0,0,0,0,0,30,56,0,0,21,0,0,21,0,0,0,0,100,26,4,0,0,0,0,0,0,13,18,29,50,0,0,0,0,12,13,0,0,0,0,0,0,"('20997', 'Jan 9, 2018')"
8,41308,Raymond Gregory,5e6eZagCOU6a1RC2Kvsl7z,Reckless Love,0.00572,0.27699999999999997,313034,0.667,2.09e-05,2,0.149,-7.558,0,0.0319,111.962,4,0.23600000000000002,24,Reckless Love,Reckless Love Raymond Gregory,15.0,0,0,0,0,0,0,0,0,0,6,0,0,26,0,0,0,0,0,0,0,6,0,0,0,0,0,0,0,0,13,0,0,0,0,0,0,0,0,29,0,0,0,0,0,7,0,0,0,5,0,0,0,0,13,0,0,0,0,4,0,8,0,0,9,4,0,0,0,0,0,0,0,0,0,23,3,0,0,0,0,0,0,7,0,0,0,0,0,0,0,16,0,0,0,0,0,0,14,8,6,0,2,2,0,0,12,0,0,3,48,0,0,0,0,49,0,0,0,0,0,0,0,0,0,0,0,0,0,0,0,0,0,5,0,0,0,0,0,0,0,0,5,0,0,0,0,0,0,0,0,0,0,0,0,12,0,41,0,0,69,0,0,0,0,0,0,0,0,0,0,0,0,3,19,0,2,7,31,0,4,1,0,0,0,0,0,0,0,0,0,27,0,0,0,0,0,91,0,1,0,3,0,0,0,0,0,0,0,0,0,0,0,0,7,12,0,0,2,0,0,1,0,0,0,0,100,0,0,0,0,0,0,0,0,3,7,16,81,0,0,0,0,0,0,0,0,0,0,0,0,"('1008', 'May 25, 2018')"
9,41309,MasakoXtreme,6ZFI4kiBsifO9Jbk1eQoo6,Lagrima,0.0101,0.568,63604,0.8859999999999999,0.0,7,0.235,-7.0710000000000015,1,0.0465,128.064,4,0.7559999999999999,19,Lagrima,Lagrima MasakoXtreme,33.0,0,0,0,0,0,0,0,0,0,48,0,0,0,0,0,0,0,0,0,0,0,0,0,0,0,49,0,0,0,34,0,0,0,0,0,0,0,0,2,0,0,0,0,0,44,0,0,0,78,0,0,0,0,58,0,0,0,0,0,0,0,0,0,50,57,0,68,0,0,0,0,0,0,0,0,3,0,0,0,0,0,0,1,0,0,4,0,0,0,0,75,0,0,0,0,0,0,78,0,0,0,0,0,0,0,0,0,0,7,0,1,0,0,0,0,0,0,0,0,0,0,0,0,0,0,0,0,0,0,0,0,0,0,0,0,0,0,0,0,0,0,53,0,0,0,0,0,0,0,0,0,0,0,0,2,0,0,100,0,0,0,0,0,0,0,0,0,0,0,39,0,45,50,1,0,0,47,33,0,3,0,0,0,0,0,0,0,0,0,0,0,0,0,0,0,0,0,0,2,0,22,0,0,0,0,0,0,0,0,0,0,0,0,0,0,0,0,0,0,0,0,0,0,0,0,0,0,0,0,0,0,0,0,0,0,0,2,10,35,0,0,0,39,0,0,0,0,0,0,0,"('327069', 'Jan 9, 2018')"
10,41310,Ludwig van Beethoven,3Md1esE0MIrB0RjN8Lt3sv,"String Quartet No. 14 in C-Sharp Minor, Op. 131: I. Adagio ma non troppo e molto espressivo",0.9570000000000001,0.11900000000000001,394747,0.0588,0.878,1,0.0706,-24.252,0,0.0521,77.08,4,0.0377,20,String Quartet No. 14 in C,String Quartet No. 14 in C Ludwig van Beethoven,72.0,0,0,0,0,0,0,0,0,0,0,0,0,0,0,0,0,0,0,0,0,0,0,0,0,0,0,0,0,0,0,0,0,0,0,0,0,0,0,0,0,0,0,0,0,0,0,0,0,0,0,0,0,0,0,0,0,0,0,0,0,0,0,0,0,0,0,0,0,0,0,0,0,0,0,0,0,0,0,0,0,0,0,0,0,0,0,0,0,0,0,0,0,0,0,0,0,0,0,0,0,0,0,0,0,0,0,0,0,0,0,0,0,0,0,0,0,0,0,0,0,0,0,0,0,0,0,0,0,0,0,0,0,0,0,0,0,0,0,0,0,0,0,0,0,0,0,0,0,0,0,0,0,0,0,0,0,0,0,0,0,0,0,0,0,0,0,0,0,0,0,0,0,0,0,0,0,0,0,0,0,0,0,0,0,0,0,0,0,0,0,0,0,0,0,0,0,0,0,0,0,0,0,0,0,0,0,0,0,0,0,0,0,0,0,0,0,0,0,0,0,0,0,0,0,0,0,0,0,0,0,0,0,0,0,0,0,0,0,0,0,0,0,0,0,0,0,0,0,0,0,"('440678', 'Sep 20, 2015')"
11,41311,Selfish Things,0ws51MSQIxM6j9zFmcnKQF,Rust Cohle Never Sleeps,0.000135,0.504,235760,0.696,0.000357,9,0.259,-6.068,0,0.0331,153.006,4,0.34600000000000003,27,Rust Cohle Never Sleeps,Rust Cohle Never Sleeps Selfish Things,35.0,0,0,0,0,0,0,0,0,0,0,0,0,0,0,0,0,0,0,0,0,0,0,0,0,0,0,0,0,0,0,0,0,0,0,0,0,0,0,0,0,0,0,0,0,0,0,0,0,0,0,0,0,0,0,0,0,0,0,0,0,0,0,0,0,0,0,0,0,0,0,0,0,0,0,0,0,0,0,0,0,0,0,0,0,0,0,0,0,0,0,0,0,0,0,0,0,0,0,0,0,0,0,0,0,0,0,0,0,0,0,0,0,0,0,0,0,0,0,0,0,0,0,0,0,0,0,0,0,0,0,0,0,0,0,0,0,0,0,0,0,0,0,0,0,0,0,0,0,0,0,0,0,0,0,0,0,0,0,0,0,0,0,0,0,0,0,0,0,0,0,0,0,0,0,0,0,0,0,0,0,0,0,0,0,0,0,0,0,0,0,0,0,0,0,0,0,0,0,0,0,0,0,0,0,0,0,0,0,0,0,0,0,0,0,0,0,0,0,0,0,0,0,0,0,0,0,0,0,0,0,0,0,0,0,0,0,0,0,0,0,0,0,0,0,0,0,0,0,0,0,"('2274', 'Mar 9, 2018')"
12,41312,i-genius,7lo0hwqLwlIdGPXlsy1TfV,Stir Fry (Instrumental Remix),6.69e-06,0.722,186860,0.442,0.0773,11,0.13,-12.703,0,0.07200000000000001,182.014,4,0.484,15,Stir Fry ,Stir Fry  i-genius,30.0,0,0,0,0,0,0,0,0,0,0,0,0,22,0,0,100,0,0,0,0,3,0,0,0,0,0,0,0,0,0,0,0,0,6,0,0,0,0,24,0,0,0,0,0,0,0,0,0,1,0,0,0,0,0,0,0,0,0,0,0,8,0,0,0,0,0,0,0,0,0,0,0,0,0,5,3,0,0,0,0,0,0,3,0,0,5,0,0,0,0,0,0,0,0,0,0,0,0,8,0,0,1,1,0,0,13,0,2,1,59,0,0,0,0,23,0,0,0,0,0,0,0,0,0,0,0,0,0,0,0,0,0,3,0,0,0,0,0,0,0,0,1,0,0,0,0,0,0,0,0,0,0,0,0,4,0,34,0,0,18,0,0,0,0,5,0,1,0,0,0,0,0,0,5,0,1,5,0,0,4,0,0,0,0,0,1,0,0,0,0,13,0,0,0,0,0,20,0,1,0,1,0,0,0,0,0,0,0,0,0,0,0,0,6,4,0,0,0,0,0,0,0,0,0,0,56,0,0,0,0,0,0,0,0,0,6,11,47,0,0,0,0,0,0,0,0,0,0,0,0,"('237344', 'Mar 16, 2018')"
13,41313,Skyzoo,7guqcZ7Pfct0MEVxF6yACi,Parks & Recreation (feat. Saba Abraha),0.645,0.33799999999999997,246038,0.728,0.0,3,0.7340000000000001,-7.0760000000000005,1,0.326,177.887,4,0.287,17,Parks & Recreation ,Parks & Recreation  Skyzoo,43.0,0,0,0,0,0,0,0,0,0,0,0,0,0,0,0,0,0,0,0,0,0,0,0,0,0,0,0,0,0,0,0,0,0,0,0,0,0,0,65,0,0,0,0,0,0,0,0,0,0,0,0,0,0,0,0,0,0,0,0,0,0,0,0,0,0,0,0,0,0,0,0,0,0,0,0,0,0,0,0,0,0,0,100,0,0,0,0,0,0,0,0,0,0,0,0,0,0,0,0,0,0,0,0,0,0,0,0,0,0,0,0,0,0,0,0,0,0,0,0,0,0,0,0,0,0,0,0,0,0,0,0,0,0,0,0,0,0,0,0,0,0,0,0,0,0,0,0,0,0,0,0,0,0,0,0,0,0,0,0,0,0,0,0,0,0,0,0,0,0,0,0,0,0,0,0,0,0,0,0,0,0,0,0,0,0,0,0,0,0,0,0,0,0,0,0,0,0,0,0,0,0,0,0,0,0,0,0,0,0,0,0,0,0,0,0,0,0,0,0,0,0,0,0,0,0,0,0,0,0,0,0,0,0,0,0,0,0,95,0,0,0,0,0,0,0,0,0,0,0,0,"('11312150', 'Sep 19, 2018')"
14,41314,Kacie Sargent,06m7kpFmMDYTDbdeTl5edp,Jealous,0.0767,0.585,226286,0.759,0.0,6,0.15,-5.617999999999999,0,0.0603,139.966,4,0.18600000000000005,1,Jealous,Jealous Kacie Sargent,0.0,0,0,3,0,0,0,0,0,0,5,0,0,24,12,0,0,0,6,0,0,16,0,0,0,0,0,0,0,0,4,0,0,0,0,0,0,7,0,24,0,0,0,0,0,6,0,0,0,3,0,0,0,0,8,11,0,0,0,8,0,21,0,0,5,3,3,0,0,0,0,0,0,0,0,9,10,0,0,0,0,0,0,10,0,0,12,0,0,0,0,0,0,0,0,0,0,0,0,9,9,0,5,100,0,0,37,0,6,9,71,3,0,0,0,27,0,0,8,0,0,0,0,0,0,0,0,0,0,0,0,0,0,26,0,0,0,0,0,0,32,0,5,0,0,0,0,0,0,5,0,0,0,0,14,19,0,34,0,0,27,0,0,0,0,19,0,6,0,0,0,0,0,4,63,0,6,22,0,14,14,1,0,0,0,0,5,0,7,0,0,30,0,0,0,0,0,43,0,2,0,7,0,0,0,0,0,0,0,0,0,0,0,0,16,14,0,0,4,0,0,2,0,0,0,0,53,8,2,0,0,0,0,0,0,0,15,26,29,0,0,0,0,4,1,0,0,0,0,0,0,"('724', 'Jan 12, 2018')"
15,41315,J Alvarez,6axWjC55yvzDihq7IQsg4L,"Sexo, Sudor y Calor - Remix",0.268,0.708,325360,0.82,1.13e-05,0,0.0996,-7.557,1,0.0456,167.99200000000005,4,0.9570000000000001,38,Sexo,Sexo J Alvarez,69.0,0,0,0,0,0,60,0,0,0,33,0,0,0,0,0,0,0,0,0,0,0,0,0,0,0,39,0,0,0,38,0,0,0,0,0,0,0,0,0,0,0,0,0,0,29,0,0,0,28,0,0,0,0,35,0,0,0,0,0,0,0,0,0,33,29,0,38,0,0,0,0,0,0,0,0,0,0,0,0,0,0,0,0,0,0,0,0,0,0,0,43,0,0,0,0,0,0,42,0,0,0,0,0,0,0,0,0,0,1,0,0,0,0,0,0,0,0,0,0,0,0,0,0,0,0,0,0,0,0,0,0,0,0,0,0,0,0,0,0,0,0,26,0,0,0,0,0,0,0,100,0,0,0,0,0,0,0,40,0,0,0,0,0,0,0,0,0,0,0,32,0,39,35,0,0,0,30,28,0,0,0,0,0,0,0,0,0,0,0,0,0,0,0,0,0,0,0,0,0,0,15,0,0,0,0,0,0,0,0,0,0,0,0,0,0,0,0,0,0,0,0,0,0,0,0,0,0,0,0,0,0,0,0,0,0,0,0,1,28,0,0,0,30,0,0,0,0,0,0,0,"('36163948', 'Jun 18, 2012')"
16,41316,Orquesta Akokán,1nfGrwawMu7C55sA0nmddy,Cuidado Con el Tumbador,0.7659999999999999,0.568,251320,0.7020000000000001,0.0,0,0.28300000000000003,-5.691,0,0.0459,146.827,4,0.855,20,Cuidado Con el Tumbador,Cuidado Con el Tumbador Orquesta Akokán,27.0,0,0,0,0,0,0,0,0,0,0,0,0,0,0,0,0,0,0,0,0,0,0,0,0,0,0,0,0,0,0,0,0,0,0,0,0,0,0,0,0,0,0,0,0,0,0,0,0,0,0,0,0,0,0,0,0,0,0,0,0,0,0,0,0,0,0,0,0,0,0,0,0,0,0,0,0,0,0,0,0,0,0,0,0,0,0,0,0,0,0,0,0,0,0,0,0,0,0,0,0,0,0,0,0,0,0,0,0,0,0,0,0,0,0,0,0,0,0,0,0,0,0,0,0,0,0,0,0,0,0,0,0,0,0,0,0,0,0,0,0,0,0,0,0,0,0,0,0,0,0,0,0,0,0,0,0,0,0,0,0,0,0,0,0,0,0,0,0,0,0,0,0,0,0,0,0,0,0,0,0,0,0,0,0,0,0,0,0,0,0,0,0,0,0,0,0,0,0,0,0,0,0,0,0,0,0,0,0,0,0,0,0,0,0,0,0,0,0,0,0,0,0,0,0,0,0,0,0,0,0,0,0,0,0,0,0,0,0,0,0,0,0,0,0,0,0,0,0,0,0,"('9395', 'Mar 30, 2018')"
17,41317,Baloji,4hykfJB06bqr7xVTAsgZV3,Soleil de Volt,0.0544,0.853,290696,0.5579999999999999,0.0,1,0.215,-8.18,1,0.245,119.917,4,0.8809999999999999,24,Soleil de Volt,Soleil de Volt Baloji,39.0,0,0,0,0,0,0,0,0,0,0,0,0,0,0,0,0,0,0,0,0,0,0,0,0,0,0,0,0,0,0,0,0,0,0,0,0,0,0,0,0,0,0,0,0,0,0,0,0,0,0,0,0,0,0,0,0,0,0,0,0,0,0,0,0,0,0,0,0,0,0,0,0,0,0,0,100,0,0,0,0,0,0,0,0,0,0,0,0,0,0,0,0,0,0,0,0,0,0,0,0,0,0,0,0,0,0,0,0,0,0,0,0,0,0,0,0,0,0,0,0,0,0,0,0,0,0,0,0,0,0,0,0,0,0,0,0,0,0,0,0,0,0,0,0,0,0,0,0,0,0,0,0,0,0,0,0,0,0,0,0,0,0,0,0,0,0,0,0,0,0,0,0,0,0,0,0,0,0,0,0,0,0,0,0,0,0,0,0,0,0,0,0,0,0,0,0,0,0,0,0,0,0,0,0,0,0,0,0,0,0,0,0,0,0,0,0,0,0,0,0,0,0,0,0,0,0,0,0,0,0,0,0,0,0,0,0,28,0,0,0,0,0,0,0,0,0,0,0,0,0,"('138891', 'Jan 22, 2018')"
18,41318,HoneyComeBear,5BSYtD0gsCUMCmendUJElV,Sneaker - スニーカー,0.111,0.868,206822,0.461,0.0049700000000000005,11,0.183,-8.779,1,0.0597,143.984,4,0.621,36,Sneaker ,Sneaker  HoneyComeBear,38.0,0,0,0,0,0,0,0,0,0,2,0,0,71,50,0,0,0,8,0,0,22,0,0,0,0,0,0,0,0,2,0,0,0,0,0,0,9,0,90,0,0,0,0,0,5,0,0,0,4,0,0,0,0,0,22,0,0,0,17,0,100,0,0,8,0,0,0,0,0,0,0,0,0,0,41,12,0,0,0,0,0,0,68,0,0,14,0,0,0,0,0,0,0,0,0,0,0,0,37,31,0,6,18,0,0,47,0,6,16,47,5,0,0,0,40,0,0,0,0,0,0,0,0,0,0,0,0,0,0,0,0,0,24,0,0,0,0,0,0,0,0,8,0,0,0,0,0,0,0,0,0,0,0,9,41,0,74,0,0,0,0,0,0,0,59,0,5,0,0,0,0,0,4,32,0,9,21,51,0,14,4,0,0,0,0,2,0,13,0,0,63,0,0,0,0,0,82,0,2,0,17,0,0,0,0,0,0,0,0,0,0,0,0,43,52,0,0,8,0,0,8,0,0,0,0,63,0,2,0,0,0,0,0,0,4,17,54,93,0,0,0,0,0,40,0,0,0,0,0,0,"('1116753', 'Jun 7, 2017')"
19,41319,CloZee,5Qbk1DLQLQaindbdK9YlnM,Black Panther - PATH Remix,0.10300000000000001,0.591,214588,0.706,0.0118,5,0.0756,-7.621,0,0.28,84.943,4,0.473,25,Black Panther ,Black Panther  CloZee,53.0,0,0,1,0,0,0,0,0,0,1,0,0,19,7,0,0,0,7,0,0,8,0,0,0,0,0,0,0,0,0,0,0,0,5,0,0,3,43,19,0,0,0,0,0,2,0,0,0,1,0,0,0,0,0,6,0,0,0,7,25,10,0,0,3,1,1,0,0,0,0,0,0,0,0,6,10,0,0,0,0,0,0,6,83,0,6,0,0,0,0,0,0,0,0,64,0,0,0,8,5,0,7,8,0,0,14,0,3,3,51,1,0,0,0,60,0,0,3,0,0,0,0,0,0,0,0,0,0,0,0,0,0,14,0,0,0,0,0,0,19,0,3,0,0,0,0,0,0,1,0,0,67,0,7,8,0,19,0,0,92,0,0,0,0,11,0,5,0,0,0,0,0,2,10,0,2,3,12,8,5,0,0,0,0,0,1,24,3,0,0,23,0,6,0,0,0,53,0,1,0,3,14,0,0,0,0,0,0,0,0,0,0,0,10,8,0,0,1,0,42,3,0,0,0,0,57,0,2,0,0,0,0,0,78,1,10,16,20,0,0,0,0,3,1,0,0,0,96,100,0,"('133336', 'Feb 9, 2017')"
20,41320,The Local Train,0PivOoKM1sECNTsZ7K6N3h,Mizaaj,0.00643,0.536,263509,0.701,6.4e-06,1,0.40299999999999997,-5.905,0,0.0297,138.05,4,0.33299999999999996,30,Mizaaj,Mizaaj The Local Train,41.0,0,0,0,0,0,0,0,0,0,0,0,0,0,0,0,0,0,1,0,0,0,0,0,0,0,0,0,0,0,0,0,0,0,0,0,0,0,0,0,0,0,0,0,0,0,0,0,0,0,0,0,0,0,0,0,0,0,0,0,0,0,0,0,0,0,0,0,0,0,0,0,0,0,0,0,0,0,0,0,0,0,0,0,0,0,0,0,0,0,0,0,0,0,0,0,0,0,0,0,0,0,3,0,0,0,0,0,0,0,0,0,0,0,0,0,0,0,0,0,0,0,0,0,0,0,0,0,0,0,0,0,0,0,100,0,0,0,0,0,0,0,0,0,0,0,0,0,0,0,0,0,0,0,0,0,0,0,0,0,0,0,0,0,0,0,0,4,0,0,0,0,0,0,0,0,0,0,0,0,0,0,0,0,0,0,0,0,0,0,0,0,0,0,0,0,0,0,0,0,0,0,0,0,0,0,0,0,0,0,0,0,0,0,0,0,0,0,0,0,0,0,0,0,0,0,0,0,0,0,0,0,0,0,0,0,1,0,0,0,0,0,0,0,0,0,0,0,0,0,0,"('481608', 'Aug 30, 2018')"
21,41321,Rusty Clanton,6DFqHTdBHHNMIm3bgmMaSc,False Start,0.848,0.257,329888,0.27399999999999997,0.698,10,0.19699999999999998,-10.827,1,0.0338,111.616,4,0.0902,28,False Start,False Start Rusty Clanton,45.0,0,0,0,0,0,0,0,0,0,100,0,0,11,0,0,0,0,0,0,0,0,0,0,0,0,0,0,0,0,1,0,0,0,0,0,0,0,0,11,0,0,0,0,0,0,0,0,0,0,0,0,0,0,0,0,0,0,0,0,0,0,0,0,0,0,0,0,0,0,0,0,0,0,0,0,0,0,0,0,0,0,0,4,0,0,7,0,0,0,0,0,0,0,0,0,0,0,0,0,0,0,2,0,0,0,0,0,0,0,0,2,0,0,0,0,0,0,0,0,0,0,0,0,0,0,0,0,0,0,0,0,0,0,0,0,0,0,0,0,0,0,0,0,0,0,0,0,0,0,0,0,0,0,0,0,0,28,0,0,0,0,0,0,0,0,0,0,0,0,0,0,0,0,2,0,0,0,0,0,0,0,0,0,0,0,0,0,0,0,0,0,0,0,0,0,0,14,0,0,0,0,0,0,0,0,0,0,0,0,0,0,0,0,0,0,0,0,0,0,0,0,0,0,0,0,0,0,1,0,0,0,0,0,0,0,0,12,17,0,0,0,0,20,0,0,0,0,0,0,0,"('85381', 'Sep 9, 2017')"
22,41322,Wolfgang Amadeus Mozart,0Sx68sARFlf76l9Bjxf4H8,"Violin Sonata No. 22 in A Major, K. 305: II. Theme & Variations. Andante grazioso",0.981,0.382,539773,0.0864,0.161,9,0.0936,-18.516,1,0.0378,105.97,4,0.428,18,Violin Sonata No. 22 in A Major,Violin Sonata No. 22 in A Major Wolfgang Amadeus Mozart,75.0,0,0,0,0,0,0,0,0,0,0,0,0,0,0,0,0,0,0,0,0,0,0,0,0,0,0,0,0,0,0,0,0,0,0,0,0,0,0,0,0,0,0,0,0,0,0,0,0,0,0,0,0,0,0,0,0,0,0,0,0,0,0,0,0,0,0,0,0,0,0,0,0,0,0,0,0,0,0,0,0,0,0,0,0,0,0,0,0,0,0,0,0,0,0,0,0,0,0,0,0,0,0,0,0,0,0,0,0,0,0,0,0,0,0,0,0,0,0,0,0,0,0,0,0,0,0,0,0,0,0,0,0,0,0,0,0,0,0,0,0,0,0,0,0,0,0,0,0,0,0,0,0,0,0,0,0,0,0,0,0,0,0,0,0,0,0,0,0,0,0,0,0,0,0,0,0,0,0,0,0,0,0,0,0,0,0,0,0,0,0,0,0,0,0,0,0,0,0,0,0,0,0,0,0,0,0,0,0,0,0,0,0,0,0,0,0,0,0,0,0,0,0,0,0,0,0,0,0,0,0,0,0,0,0,0,0,0,0,0,0,0,0,0,0,0,0,0,0,0,0,"('28994', 'Mar 27, 2016')"
23,41323,Max Planter,3nvBWbOIh3P1O0dqBmxwd2,Freedom Song,0.00227,0.6859999999999999,151771,0.13699999999999998,0.0,0,0.156,-17.185,1,0.0427,95.01,4,0.341,0,Freedom Song,Freedom Song Max Planter,,0,0,0,0,0,0,0,0,0,0,0,0,10,0,0,0,0,26,0,0,0,0,0,0,0,0,0,0,0,1,0,0,0,0,0,0,0,0,8,0,0,0,0,0,0,0,0,0,0,0,0,0,0,0,0,0,0,0,0,0,7,0,0,0,0,2,0,0,0,0,0,0,0,0,0,4,0,0,0,0,0,0,11,100,0,0,0,0,0,0,0,0,0,0,0,0,0,0,3,0,0,12,3,0,0,10,0,0,5,0,0,0,0,0,26,0,0,0,0,0,0,0,0,0,0,0,0,0,0,0,0,0,6,0,0,0,0,0,0,0,0,1,0,0,0,0,0,0,0,0,0,0,0,0,8,0,12,0,0,0,0,0,0,0,0,0,6,0,0,0,0,0,0,8,0,0,0,0,0,4,0,0,0,0,0,2,0,0,0,0,0,0,0,0,0,0,24,0,1,0,3,20,0,0,0,0,0,0,0,0,0,0,0,5,0,0,0,0,0,24,1,0,0,0,0,0,0,0,0,0,0,0,0,0,0,8,10,10,0,0,0,0,0,0,0,0,0,0,0,0,"('42261', 'Sep 21, 2009')"
24,41324,Adam Jones,511keVGN3AY5wGODbD2NnH,Cold As Ice,0.00427,0.708,144248,0.341,0.40299999999999997,0,0.11900000000000001,-12.675999999999998,1,0.095,120.00399999999999,4,0.134,0,Cold As Ice,Cold As Ice Adam Jones,34.0,0,0,0,0,0,0,0,0,0,0,0,0,53,63,0,0,0,0,0,0,48,0,0,0,0,0,0,0,0,3,0,0,0,34,0,0,0,0,61,0,0,0,0,0,0,0,0,0,4,0,0,0,0,0,0,0,0,0,30,0,43,0,0,0,0,0,0,0,0,43,0,0,0,0,36,15,0,0,0,0,0,0,43,0,0,32,0,0,0,0,0,0,0,0,0,0,0,0,0,33,0,2,9,0,0,47,0,21,12,0,0,0,0,0,0,0,0,0,0,0,0,0,0,0,0,0,47,0,0,0,0,0,19,0,0,0,0,0,0,0,0,3,0,0,0,0,0,0,0,0,0,0,0,0,100,0,62,0,0,0,0,0,0,0,43,0,5,0,0,0,0,0,4,57,0,29,0,0,0,28,3,0,0,0,0,0,0,0,0,0,30,0,0,0,0,0,30,0,0,0,12,0,0,0,0,0,0,0,0,0,0,0,0,22,36,0,0,5,0,0,4,0,0,0,0,0,0,3,0,0,0,0,0,0,0,0,54,58,0,0,0,0,0,5,0,0,0,0,0,0,"('115', 'Jun 10, 2018')"
25,41325,Luke James Shaffer,4wx4NSHYJtq0eXgmUkg81n,Pressure,0.11599999999999999,0.555,215547,0.8809999999999999,0.0,0,0.0724,-6.1670000000000025,0,0.0466,140.01,4,0.81,10,Pressure,Pressure Luke James Shaffer,19.0,0,0,0,0,0,0,0,0,0,10,0,0,55,20,0,0,0,72,0,0,31,0,0,0,0,0,0,0,0,6,0,0,0,17,0,0,0,0,58,0,0,0,0,0,13,0,0,0,6,0,0,0,0,20,24,0,0,0,20,0,27,0,0,0,6,3,0,0,0,0,0,0,0,0,24,17,0,0,0,0,0,0,13,0,0,17,0,0,0,0,0,0,0,0,0,0,0,0,13,24,0,34,6,0,3,65,0,13,20,79,3,0,0,0,44,0,0,20,0,0,0,0,0,0,0,0,0,0,0,0,0,0,27,0,0,0,0,0,0,0,0,13,0,0,0,0,0,0,0,0,0,0,0,34,24,0,48,0,0,41,0,0,0,0,34,24,31,0,0,0,0,0,10,27,0,10,20,0,37,13,3,0,0,0,0,10,0,10,0,0,41,0,20,0,0,0,58,0,3,0,13,34,0,0,0,0,0,0,0,0,0,0,0,24,20,0,0,3,0,0,3,0,0,0,0,100,0,3,0,0,0,0,0,0,3,37,62,75,0,0,0,0,0,0,0,0,0,0,0,0,"('13440', 'Jan 19, 2018')"
26,41326,Audio Push,6YoBZdwnessfD1cWYwH9sQ,Sanctified,0.0452,0.823,210501,0.7440000000000001,0.000126,1,0.5529999999999999,-5.1610000000000005,1,0.28600000000000003,155.045,4,0.401,14,Sanctified,Sanctified Audio Push,43.0,0,0,0,0,0,0,0,0,0,6,0,0,27,67,0,45,0,0,0,0,37,0,0,0,0,0,0,0,0,3,0,0,0,59,0,0,0,0,30,0,0,0,0,0,3,0,0,0,1,0,0,0,0,0,43,0,0,0,49,0,21,0,0,0,0,0,0,0,0,0,0,0,0,0,39,39,0,0,0,0,0,0,33,0,0,34,0,0,0,0,0,0,0,0,0,0,0,0,0,39,0,1,3,0,0,41,0,9,17,100,0,0,0,0,50,0,0,0,0,0,0,0,0,0,0,0,0,0,0,0,0,0,5,0,0,0,0,0,0,0,0,4,0,0,0,0,0,0,0,0,0,0,0,0,22,0,0,0,0,0,0,0,0,0,24,0,4,0,0,0,0,0,0,13,0,34,17,0,0,27,15,0,0,0,0,5,0,22,0,0,11,0,27,0,0,0,53,0,2,0,17,0,0,0,0,0,0,0,0,0,0,0,0,17,36,0,0,0,0,0,0,0,0,0,0,93,0,7,0,0,0,0,0,0,29,0,27,51,0,0,0,0,0,0,0,0,0,0,0,0,"('34779', 'Jan 19, 2018')"
27,41327,Alice Ivy,2adMSNnMw8Kghj1psvdy0d,Chasing Stars (feat. Bertie Blackman),0.198,0.537,220587,0.851,0.000698,10,0.204,-4.152,1,0.0499,99.95700000000001,4,0.373,34,Chasing Stars ,Chasing Stars  Alice Ivy,41.0,0,0,0,0,0,0,0,0,0,0,0,0,100,0,0,0,0,0,0,0,0,0,0,0,0,0,0,0,0,0,0,0,0,0,0,0,0,0,21,0,0,0,0,0,0,0,0,0,0,0,0,0,0,0,0,0,0,0,0,0,0,0,0,0,0,0,0,0,0,22,0,0,0,0,0,0,0,0,0,0,0,0,0,0,0,0,0,0,0,0,0,0,0,0,0,0,0,0,0,0,0,0,0,0,0,0,0,0,0,0,0,0,0,5,0,0,0,0,0,0,0,0,0,0,0,0,0,0,0,0,0,0,0,0,0,0,0,0,0,0,0,0,0,0,0,0,0,0,0,0,0,0,0,0,0,0,0,0,0,0,0,0,0,0,0,0,0,0,0,0,0,0,0,38,0,0,0,0,0,0,10,0,0,0,0,0,0,0,0,0,0,0,0,0,0,0,0,0,0,0,0,0,0,0,0,0,0,0,0,0,0,0,0,0,0,0,0,0,0,0,0,0,0,0,0,0,0,0,0,0,0,0,0,0,4,0,39,23,0,0,0,0,0,0,0,0,0,0,0,0,"('81573', 'Jan 11, 2018')"
28,41328,Josh Grider,55zz2c6UHofFgSQnOCJj0c,Bad Times Roll,0.376,0.598,199213,0.591,0.0013800000000000002,0,0.105,-7.47,1,0.0413,83.94200000000002,4,0.718,20,Bad Times Roll,Bad Times Roll Josh Grider,32.0,0,0,0,0,0,0,0,0,0,0,0,0,0,0,0,0,0,0,0,0,0,0,0,0,0,0,0,0,0,0,0,0,0,0,0,0,0,0,0,0,0,0,0,0,0,0,0,0,0,0,0,0,0,0,0,0,0,0,0,0,0,0,0,0,0,0,0,0,0,0,0,0,0,0,0,0,0,0,0,0,0,0,0,0,0,0,0,0,0,0,0,0,0,0,0,0,0,0,0,0,0,0,0,0,0,0,0,0,0,0,0,0,0,0,0,0,0,0,0,0,0,0,0,0,0,0,0,0,0,0,0,0,0,0,0,0,0,0,0,0,0,0,0,0,0,0,0,0,0,0,0,0,0,0,0,0,0,0,0,0,0,0,0,0,0,0,0,0,0,0,0,0,0,0,0,0,0,0,0,0,0,0,0,0,0,0,0,0,0,0,0,0,0,0,0,0,0,0,0,0,0,0,0,0,0,0,0,0,0,0,0,0,0,0,0,0,0,0,0,0,0,0,0,0,0,0,0,0,0,0,0,0,0,0,0,0,0,100,0,0,0,0,0,0,0,0,0,0,0,0,"('4122', 'Mar 5, 2018')"
29,41329,The Relaxation Principle,22ZufSU6jCERoJRc5IKMHt,Mirror Lake,0.774,0.32799999999999996,95806,0.257,0.902,10,0.128,-12.974,1,0.0554,123.41799999999999,4,0.0931,32,Mirror Lake,Mirror Lake The Relaxation Principle,49.0,0,0,0,0,0,0,0,0,0,0,0,0,0,0,0,0,0,0,0,0,0,0,0,0,0,0,0,0,0,0,0,0,0,0,0,0,0,0,69,0,0,0,0,0,0,0,0,0,0,0,0,0,0,0,0,0,0,0,0,0,0,0,0,0,0,0,0,0,0,0,0,0,0,0,0,28,0,0,0,0,0,0,12,0,0,0,0,0,0,0,0,0,0,0,0,0,0,0,0,0,0,34,0,0,0,0,0,0,0,0,0,0,0,0,0,0,0,0,0,0,0,0,0,0,0,0,0,0,0,0,0,0,36,0,0,0,0,0,0,0,0,0,0,0,0,0,0,0,0,0,0,0,0,0,0,0,0,0,0,0,0,0,0,0,0,0,0,0,0,0,0,0,0,53,0,0,0,0,0,0,0,0,0,0,0,0,0,0,0,0,0,0,0,0,0,0,0,0,0,0,0,0,0,0,0,0,0,0,0,0,0,0,0,0,0,0,0,0,0,0,0,0,0,0,0,0,0,0,0,0,0,0,0,0,0,0,74,100,0,0,0,0,0,0,0,0,0,0,0,0,"('31054', 'Aug 6, 2018')"
30,41330,Lil Boii Kantu,6OwO2WnodiCOLHNcUQbI3A,Ride Away,0.162,0.442,166173,0.5529999999999999,0.0,1,0.314,-7.33,1,0.0507,72.42399999999998,4,0.39899999999999997,15,Ride Away,Ride Away Lil Boii Kantu,36.0,0,0,0,0,0,0,0,0,0,0,0,0,100,0,0,0,0,0,0,0,0,0,0,0,0,0,0,0,0,7,0,0,0,0,0,0,0,0,61,0,0,0,0,0,0,0,0,0,0,0,0,0,0,0,0,0,0,0,0,0,0,0,0,0,0,0,0,0,0,0,0,0,0,0,0,16,0,0,0,0,0,0,20,0,0,0,0,0,0,0,0,0,0,0,0,0,0,0,0,0,0,5,19,0,0,0,0,0,0,0,7,0,0,0,0,0,0,0,0,0,0,0,0,0,0,0,0,0,0,0,0,0,0,0,0,0,0,0,0,0,0,0,0,0,0,0,0,0,0,0,0,0,0,0,0,0,0,0,0,0,0,0,0,0,0,0,0,0,0,0,0,0,0,37,0,0,0,0,0,0,0,0,0,0,0,0,0,0,0,0,0,0,0,0,0,0,40,0,0,0,0,0,0,0,0,0,0,0,0,0,0,0,0,0,0,0,0,0,0,0,4,0,0,0,0,0,0,4,0,0,0,0,0,0,0,0,73,90,0,0,0,0,0,0,0,0,0,0,0,0,"('3583', 'Mar 24, 2018')"
31,41331,Leyya,2BWhtQYzrBClrcMALdaVlA,The Fall,0.0101,0.652,185440,0.622,0.00916,8,0.0895,-7.114,0,0.0324,98.506,4,0.34700000000000003,33,The Fall,The Fall Leyya,44.0,0,0,5,0,0,0,0,0,0,12,0,0,84,41,0,0,0,20,0,0,47,0,0,0,0,0,0,0,0,8,0,0,0,37,0,0,0,0,79,0,0,0,0,0,18,0,0,0,11,0,0,0,0,16,40,0,0,0,38,0,51,0,0,0,9,6,0,0,0,0,0,0,0,0,80,29,0,0,0,0,0,0,34,0,0,54,0,0,0,0,0,0,0,0,0,0,0,0,16,48,0,8,11,0,0,95,0,22,23,95,5,0,11,0,52,0,0,0,0,0,0,19,0,0,0,0,40,0,0,0,0,0,25,0,0,0,0,0,0,0,0,15,0,0,0,0,0,0,8,0,0,0,0,13,40,0,90,0,0,58,0,0,0,0,52,0,9,0,0,0,0,0,11,62,0,23,37,34,0,30,8,0,0,0,0,6,0,27,0,0,41,0,34,45,0,0,72,0,5,0,19,0,0,0,0,0,0,0,0,0,0,0,0,41,34,0,0,8,0,0,5,0,0,0,0,100,0,5,0,0,0,0,0,0,11,25,93,97,0,0,0,0,13,2,0,0,0,0,0,0,"('166603', 'Jan 23, 2018')"
32,41332,Madson Project.,7zWOfe80NQp9zQ9QbWjb1p,No Longer In My Head,0.799,0.6409999999999999,186000,0.324,0.00123,2,0.105,-8.648,1,0.0328,79.991,4,0.318,43,No Longer In My Head,No Longer In My Head Madson Project.,52.0,0,0,0,0,0,0,0,0,0,0,0,0,0,0,0,0,0,0,0,0,0,0,0,0,0,0,0,0,0,0,0,0,0,0,0,0,0,0,0,0,0,0,0,0,0,0,0,0,0,0,0,0,0,0,0,0,0,0,0,0,0,0,0,0,0,0,0,0,0,0,0,0,0,0,0,0,0,0,0,0,0,0,0,0,0,0,0,0,0,0,0,0,0,0,0,0,0,0,0,0,0,0,0,0,0,0,0,0,0,0,0,0,0,0,0,0,0,0,0,0,0,0,0,0,0,0,0,0,0,0,0,0,0,0,0,0,0,0,0,0,0,0,0,0,0,0,0,0,0,0,0,0,0,0,0,0,0,0,0,0,0,0,0,0,0,0,0,0,0,0,0,0,0,0,0,0,0,0,0,0,0,0,0,0,0,0,0,0,0,0,0,0,0,0,0,0,0,0,0,0,0,0,0,0,0,0,0,0,0,0,0,0,0,0,0,0,0,0,0,0,0,0,0,0,0,0,0,0,0,0,0,0,0,0,0,0,0,100,0,0,0,0,0,0,0,0,0,0,0,0,"('158294', 'Jan 5, 2018')"
33,41333,Sarit Hadad,3na1HMMig6rGH0GcSpzQyU,אמן,0.0268,0.7879999999999999,169872,0.84,0.000307,4,0.13699999999999998,-5.162000000000001,0,0.0464,109.977,4,0.769,0,אמן,אמן Sarit Hadad,43.0,0,0,0,0,0,0,0,0,0,0,0,0,0,0,0,0,0,0,0,0,0,0,0,0,0,0,0,0,0,0,0,0,0,0,0,0,0,0,0,0,0,0,0,0,0,0,0,0,0,0,0,0,0,0,0,0,0,0,0,0,0,0,0,0,0,0,0,0,0,0,0,0,0,0,0,0,0,0,0,0,0,0,0,0,0,0,0,0,0,0,0,0,0,0,0,0,0,0,0,0,0,0,0,0,0,0,0,100,0,0,0,0,0,0,0,0,0,0,0,0,0,0,0,0,0,0,0,0,0,0,0,0,0,0,0,0,0,0,0,0,0,0,0,0,0,0,0,0,0,0,0,0,0,0,0,0,0,0,0,0,0,0,0,0,0,0,0,0,1,0,0,0,0,0,0,0,0,0,0,0,0,0,0,0,0,0,0,0,0,0,0,0,0,0,0,0,0,0,0,0,0,0,0,0,0,0,0,0,0,0,0,0,0,0,0,0,0,0,0,0,0,0,0,0,0,0,0,0,0,0,0,0,0,0,0,0,0,0,0,0,0,0,0,0,0,0,0,0,0,0,"(None, None)"
34,41334,Lil Jon,7HzhdsJuuQWgi6pxxZQ4Dk,Get Down,8.209999999999999e-05,0.504,203912,0.602,0.0134,2,0.158,-6.266,1,0.0483,179.903,4,0.276,24,Get Down,Get Down Lil Jon,74.0,0,0,0,0,0,0,0,0,0,12,0,0,74,36,0,0,0,6,0,0,46,0,0,0,0,0,0,0,0,6,0,0,0,28,0,0,0,0,73,0,0,0,0,0,17,0,0,0,8,0,0,0,0,13,46,0,0,0,59,0,63,0,0,0,12,6,0,0,0,0,0,0,0,0,43,38,0,0,0,0,0,18,28,0,0,37,0,0,0,0,0,0,0,0,0,0,0,0,0,55,0,6,6,0,0,89,0,24,26,80,5,0,0,0,35,0,0,12,0,0,0,16,0,0,0,0,35,0,0,0,0,0,15,0,0,0,0,0,0,0,0,11,0,0,0,0,0,0,7,0,0,0,0,0,42,0,96,0,0,0,0,0,0,0,64,0,7,0,0,0,0,0,10,21,0,24,25,0,0,23,4,0,0,0,0,6,0,24,0,0,20,0,60,55,0,0,54,0,4,0,22,0,0,0,0,0,0,0,0,0,0,0,0,45,33,0,0,6,0,0,3,0,0,0,0,64,0,6,0,0,0,0,0,0,5,18,83,100,0,0,0,0,7,4,0,0,0,0,0,0,"('86796849', 'Apr 18, 2009')"
35,41335,JT Music,2Uh6jAww2gqDfRQHpSj6O3,"The Mob Rap, Pt. 6",0.185,0.835,321632,0.8059999999999999,0.0,11,0.562,-6.757999999999999,0,0.264,94.98,4,0.8640000000000001,22,The Mob Rap,The Mob Rap JT Music,61.0,0,0,0,0,0,0,0,0,0,0,0,0,0,0,0,0,0,0,0,0,0,0,0,0,0,0,0,0,0,0,0,0,0,0,0,0,0,0,0,0,0,0,0,0,0,0,0,0,0,0,0,0,0,0,0,0,0,0,0,0,0,0,0,0,0,0,0,0,0,0,0,0,0,0,0,0,0,0,0,0,0,0,0,0,0,0,0,0,0,0,0,0,0,0,0,0,0,0,0,0,0,0,0,0,0,0,0,0,0,0,0,0,0,0,0,0,0,0,0,0,0,0,0,0,0,0,0,0,0,0,0,0,0,0,0,0,0,0,0,0,0,0,0,0,0,0,0,0,0,0,0,0,0,0,0,0,0,0,0,0,0,0,0,0,0,0,0,0,0,0,0,0,0,0,0,0,0,0,0,0,0,0,0,0,0,0,0,0,0,0,0,0,0,0,0,0,0,0,0,0,0,0,0,0,0,0,0,0,0,0,0,0,0,0,0,0,0,0,0,0,0,0,0,0,0,0,0,0,0,0,0,0,0,0,0,0,51,100,0,0,0,0,0,0,0,0,0,0,0,0,"('471985', 'Feb 21, 2018')"
36,41336,Joseph Rose,53BizDroQcs2DWPlAL11VQ,Wandering (feat. ¡Mayday!),0.5589999999999999,0.622,206936,0.779,0.0,0,0.136,-5.0760000000000005,0,0.297,89.794,4,0.848,10,Wandering ,Wandering  Joseph Rose,34.0,0,0,0,0,0,0,0,0,0,5,0,0,43,22,0,0,0,3,0,0,28,0,0,0,0,0,0,0,0,3,0,0,0,15,0,0,0,0,37,0,0,0,0,0,7,0,0,0,3,0,0,0,0,0,12,0,0,0,14,0,31,0,0,0,3,2,0,0,0,0,0,0,0,0,36,15,0,0,0,0,0,0,21,0,0,17,0,0,0,0,0,0,0,0,0,0,0,0,14,16,0,4,3,0,0,65,0,8,13,0,3,0,0,0,15,0,0,0,0,0,0,0,0,0,0,0,15,0,0,0,0,0,8,0,0,0,0,0,0,0,0,6,0,0,0,0,0,0,2,0,0,0,0,0,21,0,100,0,0,33,0,0,0,0,24,0,3,0,0,0,0,0,3,23,0,10,20,0,0,11,4,0,0,0,0,2,0,12,0,0,22,0,5,26,0,0,29,0,3,0,13,14,0,0,0,0,0,0,0,0,0,0,0,20,21,0,0,6,0,0,2,0,0,0,0,0,0,3,0,0,0,0,0,0,5,7,60,33,0,0,0,0,0,2,0,0,0,0,0,0,"('2115', 'May 25, 2018')"
37,41337,Helado Negro,2Xc3F48TYy2VMpnWKjVXuC,ECHO 2,0.256,0.731,147766,0.609,0.19,11,0.21100000000000002,-9.423,0,0.0419,100.0,4,0.935,22,ECHO 2,ECHO 2 Helado Negro,45.0,0,0,0,0,0,0,0,0,0,23,0,0,45,69,0,0,0,0,0,0,24,0,0,0,0,0,0,0,0,6,0,0,0,0,0,0,0,0,46,0,0,0,0,0,15,0,0,0,15,0,0,0,0,0,0,0,0,0,50,0,65,0,0,0,0,0,0,0,0,0,0,0,0,0,28,28,0,0,0,0,0,0,100,0,0,0,0,0,0,0,0,0,0,0,0,0,0,0,0,26,0,11,15,0,0,63,0,0,21,0,8,0,0,0,0,0,0,0,0,0,0,0,0,0,0,0,0,0,0,0,0,0,18,0,0,0,0,0,0,0,0,12,0,0,0,0,0,0,0,0,0,0,0,0,36,0,49,0,0,0,0,0,0,0,0,0,0,0,0,0,0,0,0,54,0,44,30,0,0,60,13,0,0,0,0,0,0,0,0,0,34,0,0,0,0,0,19,0,0,0,31,0,0,0,0,0,0,0,0,0,0,0,0,43,40,0,0,7,0,0,5,0,0,0,0,0,0,6,0,0,0,0,0,0,8,0,54,52,0,0,0,0,0,6,0,0,0,0,0,0,"('29963', 'May 8, 2018')"
38,41338,JABS,3oxpzwJXKMdana0NwENktx,Undone,0.128,0.722,201531,0.813,0.044000000000000004,3,0.111,-7.834,0,0.0342,105.941,4,0.228,23,Undone,Undone JABS,39.0,0,0,5,0,0,0,0,0,0,35,0,0,52,51,0,0,0,15,0,0,29,0,0,0,0,34,19,0,0,34,0,0,0,88,0,0,0,0,65,0,0,0,0,0,47,0,0,0,29,0,0,0,0,61,77,0,0,0,59,0,34,0,0,15,27,5,62,0,0,0,0,0,0,0,37,19,0,0,0,0,0,34,34,0,0,80,0,0,0,0,32,0,0,0,0,0,0,43,18,60,0,10,10,0,0,54,0,24,56,0,3,0,0,0,0,0,0,0,0,0,0,0,0,0,0,0,33,0,0,88,0,0,22,0,0,0,0,0,0,0,0,43,0,0,0,0,0,0,8,0,0,0,0,0,29,0,63,0,0,0,0,0,0,0,31,0,16,0,0,0,0,46,27,21,0,39,54,0,0,67,9,0,0,0,0,5,0,100,0,0,37,0,64,63,0,0,58,0,4,0,21,0,0,0,0,0,0,0,0,0,0,0,0,26,31,0,0,5,0,0,11,0,0,0,0,83,0,7,0,0,0,0,0,0,14,21,55,85,23,0,0,0,29,2,0,0,0,0,0,0,"('8136', 'Feb 2, 2018')"
39,41339,Wolfgang Amadeus Mozart,69a3KpKhn5SITWPN0BcenL,"String Quartet No. 15 in D Minor, K. 421: IV. Allegretto ma non troppo",0.97,0.33,403600,0.0544,0.39899999999999997,2,0.20800000000000002,-20.566,0,0.0508,83.99600000000002,4,0.273,18,String Quartet No. 15 in D Minor,String Quartet No. 15 in D Minor Wolfgang Amadeus Mozart,75.0,0,0,0,0,0,0,0,0,0,0,0,0,0,0,0,0,0,0,0,0,0,0,0,0,0,0,0,0,0,0,0,0,0,0,0,0,0,0,0,0,0,0,0,0,0,0,0,0,0,0,0,0,0,0,0,0,0,0,0,0,0,0,0,0,0,0,0,0,0,0,0,0,0,0,0,0,0,0,0,0,0,0,0,0,0,0,0,0,0,0,0,0,0,0,0,0,0,0,0,0,0,0,0,0,0,0,0,0,0,0,0,0,0,0,0,0,0,0,0,0,0,0,0,0,0,0,0,0,0,0,0,0,0,0,0,0,0,0,0,0,0,0,0,0,0,0,0,0,0,0,0,0,0,0,0,0,0,0,0,0,0,0,0,0,0,0,0,0,0,0,0,0,0,0,0,0,0,0,0,0,0,0,0,0,0,0,0,0,0,0,0,0,0,0,0,0,0,0,0,0,0,0,0,0,0,0,0,0,0,0,0,0,0,0,0,0,0,0,0,0,0,0,0,0,0,0,0,0,0,0,0,0,0,0,0,0,0,0,0,0,0,0,0,0,0,0,0,0,0,0,"('34851', 'Aug 14, 2013')"
40,41340,Calling All Astronauts,2hot0bMaKOScSYDDPBQ4GB,Smoke on the Water,0.000346,0.573,268000,0.882,0.5,7,0.314,-4.638,1,0.0407,120.01299999999999,4,0.414,4,Smoke on the Water,Smoke on the Water Calling All Astronauts,5.0,0,0,0,0,0,0,0,0,0,27,0,0,58,83,0,0,0,0,0,14,55,0,0,0,0,31,34,0,0,21,0,0,0,88,0,0,0,0,51,0,0,0,0,0,36,0,0,0,17,0,0,0,0,28,65,0,0,42,90,0,66,0,0,0,21,0,18,0,0,90,0,0,0,0,100,55,0,0,0,0,0,43,63,0,0,87,0,0,0,0,0,0,0,0,0,0,0,0,29,78,0,4,23,0,0,37,0,32,87,0,13,0,0,4,0,0,0,0,0,0,56,0,0,0,0,0,34,0,0,33,0,0,31,0,0,0,0,0,0,0,0,26,0,0,0,0,0,0,5,0,0,0,0,44,47,0,58,0,0,0,0,0,0,0,72,0,3,0,0,0,0,16,20,23,0,47,46,0,0,30,15,0,0,0,0,0,0,58,0,0,38,0,67,82,0,0,34,0,16,0,44,0,0,0,0,0,0,0,0,0,0,0,0,62,94,0,0,10,0,0,24,0,0,0,0,0,0,12,0,0,0,0,0,0,22,11,46,31,20,0,0,0,15,1,0,0,0,0,0,0,"('6540', 'Mar 15, 2018')"
41,41341,Contraste Sierreño,03fubhDB2dwbsWgWTZsRyY,El Morro Del Equipo,0.124,0.39799999999999996,174894,0.775,0.0,4,0.121,-3.318,1,0.0426,79.059,4,0.765,25,El Morro Del Equipo,El Morro Del Equipo Contraste Sierreño,33.0,0,0,0,0,0,0,0,0,0,0,0,0,0,0,0,0,0,0,0,0,0,0,0,0,0,0,0,0,0,0,0,0,0,0,0,0,0,0,0,0,0,0,0,0,0,0,0,0,0,0,0,0,0,0,0,0,0,0,0,0,0,0,0,0,0,0,0,0,0,0,0,0,0,0,0,0,0,0,0,0,0,0,0,0,0,0,0,0,0,0,0,0,0,0,0,0,0,0,0,0,0,0,0,0,0,0,0,0,0,0,0,0,0,0,0,0,0,0,0,0,0,0,0,0,0,0,0,0,0,0,0,0,0,0,0,0,0,0,0,0,0,0,0,0,0,0,0,0,0,0,0,0,0,0,0,0,0,0,0,0,0,0,0,0,0,0,0,0,0,0,0,0,0,0,0,0,0,0,0,0,0,0,0,0,0,0,0,0,0,0,0,0,0,0,0,0,0,0,0,0,0,0,0,0,0,0,0,0,0,0,0,0,0,0,0,0,0,0,0,0,0,0,0,0,0,0,0,0,0,0,0,0,0,0,0,0,0,0,0,0,0,0,0,0,0,0,0,0,0,0,"('107352', 'Jan 23, 2018')"
42,41342,June,1m6u01pti0azUG6sJSw61K,Final Destination (feat. Taedakiid),0.00823,0.508,219559,0.621,0.0,2,0.105,-8.376,1,0.0588,80.167,4,0.22,15,Final Destination ,Final Destination  June,48.0,0,0,12,0,0,0,0,0,0,1,0,0,17,15,0,0,0,32,0,0,15,0,0,0,0,0,0,0,0,1,0,0,0,0,0,0,12,0,18,0,0,0,0,0,3,0,0,0,0,0,0,0,0,0,0,0,0,0,0,0,10,0,0,0,0,15,0,0,0,0,0,0,0,0,10,10,0,0,0,0,0,0,18,0,0,7,0,0,0,0,0,0,0,0,0,0,0,0,12,0,0,41,40,0,5,15,0,6,17,44,3,0,14,0,42,0,0,12,0,0,0,16,0,0,0,0,0,0,0,0,0,0,38,0,0,0,0,0,0,47,0,2,0,0,0,0,0,0,14,0,0,0,0,60,11,0,20,0,0,0,0,0,0,0,0,0,42,0,0,0,0,0,0,100,0,3,0,0,19,15,1,0,0,0,0,9,0,8,0,0,23,0,0,0,0,0,40,0,1,0,3,30,0,0,0,0,0,0,0,0,0,0,0,13,11,14,0,3,0,68,4,0,0,0,0,0,22,2,0,0,0,0,0,0,0,20,21,19,0,0,0,0,0,2,0,0,0,0,0,0,"('74381', 'Feb 23, 2018')"
43,41343,Parmish Verma,4pm0K205CkCEYHjCmXmh6w,Kache Pakke Yaar,0.013999999999999999,0.685,189767,0.669,3.6700000000000004e-05,0,0.16,-5.388999999999999,1,0.0676,171.954,4,0.495,0,Kache Pakke Yaar,Kache Pakke Yaar Parmish Verma,37.0,0,0,0,0,0,0,0,0,0,0,0,0,12,0,0,0,0,0,0,0,0,0,0,0,0,0,0,0,0,0,0,0,0,0,0,0,0,0,21,0,0,0,0,0,0,0,0,0,0,0,0,0,0,0,0,0,0,0,0,0,0,0,0,0,0,0,0,0,0,0,0,0,0,0,0,0,0,0,0,0,0,0,0,0,0,0,0,0,0,0,0,0,0,0,0,0,0,0,0,0,0,100,0,0,0,0,0,0,1,0,0,0,0,0,0,0,0,0,0,0,0,0,0,0,0,0,0,0,0,0,0,0,0,0,0,0,0,0,0,0,0,0,0,0,0,0,0,0,0,0,0,0,0,0,0,0,19,0,0,0,0,0,0,0,0,0,24,0,0,0,0,0,0,0,0,0,0,0,0,0,0,0,0,0,0,0,0,0,0,0,0,0,0,0,0,0,0,0,0,0,0,0,0,0,0,0,0,0,0,0,0,0,0,0,0,0,0,0,0,0,0,0,0,0,0,0,0,0,0,0,0,0,0,0,0,8,2,1,0,0,0,0,0,0,0,0,0,0,0,0,"('30164802', 'Jan 21, 2018')"
44,41344,Nego do Borel,6c05Y0laPY2jSgIVpAlDl5,Você Partiu Meu Coração (DUX Remix),0.156,0.778,178548,0.72,0.00539,9,0.0811,-5.034,0,0.0316,120.008,4,0.5479999999999999,33,Você Partiu Meu Coração ,Você Partiu Meu Coração  Nego do Borel,68.0,0,0,0,0,0,0,0,0,0,1,0,0,0,0,0,0,0,0,0,0,0,0,0,0,0,2,0,0,0,33,0,0,0,0,0,0,0,0,0,0,0,0,0,0,1,0,0,0,1,0,0,0,0,0,0,0,0,0,0,0,0,0,0,0,0,0,0,0,0,0,0,0,0,0,0,5,0,0,0,0,0,0,0,0,0,0,0,0,0,0,0,0,0,0,0,0,0,0,0,0,0,0,0,0,0,0,0,0,1,0,0,0,0,0,0,0,0,0,0,0,0,0,0,0,0,0,0,0,0,0,0,0,0,0,0,0,0,0,0,0,0,0,0,0,0,0,0,0,0,0,0,0,0,0,0,0,0,0,0,0,0,0,0,0,0,0,0,0,0,0,0,6,2,0,0,0,100,0,0,0,0,0,0,0,0,0,0,0,0,0,0,0,0,0,0,0,0,0,0,0,1,0,0,0,0,0,0,0,0,0,0,0,0,0,0,0,0,0,0,0,0,0,0,0,0,0,0,0,0,0,0,0,0,0,0,0,0,0,0,0,0,0,0,0,0,0,0,0,0,0,"('386339675', 'Feb 19, 2017')"
45,41345,Matthew McNeal,3QHbfVT65hXprzkt35KJq3,Rumorosa,0.000323,0.48200000000000004,243529,0.4920000000000001,0.47600000000000003,9,0.113,-9.976,1,0.0289,137.189,4,0.263,7,Rumorosa,Rumorosa Matthew McNeal,11.0,0,0,0,0,0,0,0,0,0,2,0,0,0,0,0,0,0,0,0,0,0,0,0,0,0,0,0,0,0,0,0,0,0,0,0,0,0,0,1,0,0,0,0,0,0,0,0,0,3,0,0,0,0,0,0,0,0,0,0,0,0,0,0,0,0,0,16,0,0,0,0,0,0,0,0,0,0,0,0,0,0,0,0,0,0,0,0,0,0,0,8,0,0,0,0,0,0,0,0,0,0,0,0,0,0,0,0,0,29,0,0,0,0,0,0,0,0,0,0,0,0,0,0,0,0,0,0,0,0,0,0,0,0,0,0,0,0,0,0,0,0,100,0,0,0,0,0,0,0,0,0,0,0,0,0,0,0,0,0,0,0,0,0,0,0,0,0,0,0,0,0,0,3,0,0,0,0,0,0,0,0,0,0,0,0,0,0,0,0,0,0,0,0,0,0,0,0,0,0,0,1,0,0,0,0,0,0,0,0,0,0,0,0,0,0,0,0,0,0,0,0,0,0,0,0,0,0,0,0,0,0,0,0,0,0,0,0,8,0,0,0,0,0,0,0,0,0,0,0,0,"('370', 'Mar 22, 2018')"
46,41346,Nashville Cast,3GjBbFODG0d778PYXKgLIZ,Hold On (Not Leaving You Behind),0.7390000000000001,0.5429999999999999,235693,0.319,0.0196,2,0.11,-8.242,1,0.0252,86.041,4,0.239,13,Hold On ,Hold On  Nashville Cast,61.0,0,0,6,0,0,0,0,0,0,13,0,0,55,54,0,0,0,11,0,0,43,0,0,0,0,0,0,0,0,19,0,0,0,38,0,0,0,0,57,0,0,0,0,0,17,0,0,0,20,0,0,0,0,22,40,0,0,0,40,0,42,0,0,11,18,5,22,0,0,0,0,0,0,0,37,25,0,0,0,0,0,34,44,0,0,46,0,0,0,0,19,0,0,0,0,0,0,19,13,47,0,10,8,0,0,77,0,19,31,97,9,0,0,5,48,0,0,0,0,0,56,0,0,0,0,0,81,0,0,0,0,0,14,0,0,0,0,0,0,0,0,22,0,45,0,0,0,0,8,0,0,0,0,15,40,0,62,0,0,0,0,0,0,0,33,0,10,0,0,0,0,0,18,44,0,32,48,0,0,36,6,0,0,0,0,7,0,23,0,0,30,0,40,56,0,0,60,0,4,0,21,0,0,0,0,0,0,0,0,0,0,0,0,37,61,0,0,9,0,0,6,0,0,0,0,100,0,6,0,0,0,0,0,0,24,17,62,73,0,0,0,0,14,4,0,0,0,0,0,0,"('7328', 'Feb 24, 2018')"
47,41347,Los Del Arroyo,6AWx1D6Ip5yIg1w2FjJVL0,El Paciente - En Vivo,0.763,0.535,226537,0.45799999999999996,0.00014099999999999998,2,0.255,-7.2879999999999985,1,0.045,158.006,3,0.6679999999999999,18,El Paciente ,El Paciente  Los Del Arroyo,56.0,0,0,0,0,0,0,0,0,0,1,0,0,0,0,0,0,0,0,0,0,0,0,0,0,0,0,0,0,0,0,0,0,0,0,0,0,0,0,0,0,0,0,0,0,1,0,0,0,1,0,0,0,0,0,0,0,0,0,0,0,0,0,0,2,2,0,4,0,0,0,0,0,0,0,0,0,0,0,0,0,0,0,0,0,0,0,0,0,0,0,29,0,0,0,0,0,0,6,0,0,0,0,0,0,0,0,0,0,0,0,0,0,0,0,0,0,0,0,0,0,0,0,0,0,0,0,0,0,0,0,0,0,0,0,0,0,0,0,0,0,0,100,0,0,0,0,0,0,0,0,0,0,0,0,0,0,0,0,0,0,0,0,0,0,0,0,0,0,0,0,0,0,1,0,0,0,0,0,0,0,0,0,0,0,0,0,0,0,0,0,0,0,0,0,0,0,0,0,0,0,1,0,0,0,0,0,0,0,0,0,0,0,0,0,0,0,0,0,0,0,0,0,0,0,0,0,0,0,0,0,0,0,0,0,0,0,0,5,0,0,0,0,0,0,0,0,0,0,0,0,"('7244', 'Feb 1, 2018')"
48,41348,fromis_9,5IHqT5CMbpc35bh5aomwNK,Pinocchio,0.0476,0.76,200083,0.935,2.45e-06,7,0.318,-2.176,1,0.0461,134.02700000000002,4,0.925,39,Pinocchio,Pinocchio fromis_9,54.0,0,0,5,0,0,0,0,0,0,2,0,0,8,16,0,0,0,4,0,0,17,0,0,0,0,6,0,0,0,1,0,0,0,0,0,0,5,0,8,0,0,0,0,0,3,0,0,0,2,0,0,0,0,0,0,0,0,0,4,0,7,0,0,0,3,2,0,0,0,0,0,0,0,0,6,23,0,0,0,0,0,0,11,0,0,4,0,0,0,0,0,0,0,0,0,0,0,0,13,3,0,4,9,0,0,8,0,3,100,0,2,0,0,0,0,0,0,5,0,0,0,7,0,0,0,0,0,0,0,0,0,0,13,0,0,0,0,0,0,25,0,3,0,0,0,0,0,0,7,0,0,0,0,14,4,0,6,0,0,18,0,0,0,0,0,0,5,0,0,0,0,0,5,25,0,1,0,0,8,21,1,0,0,0,0,2,0,0,0,0,20,0,0,0,0,0,12,0,2,0,4,11,0,0,0,0,0,0,0,0,0,0,0,8,15,0,0,5,0,0,3,0,0,0,0,0,9,3,0,0,0,0,0,0,0,8,9,7,0,0,0,0,0,67,0,0,0,0,0,0,"('83812', 'Mar 26, 2018')"
49,41349,Jagertown,2US1P5eywOdCMcTD72hSWY,Rearview,0.0449,0.645,179579,0.755,0.0,6,0.10300000000000001,-5.317,1,0.0391,105.025,4,0.867,30,Rearview,Rearview Jagertown,17.0,0,0,7,0,0,0,0,0,0,3,0,0,47,21,0,0,0,0,0,0,28,0,0,0,0,0,23,0,0,3,0,0,0,49,0,0,0,0,57,0,0,0,0,0,3,0,0,0,2,0,0,0,0,0,44,0,0,0,15,0,43,0,0,0,0,0,0,0,0,0,0,0,0,0,22,11,0,0,0,0,0,83,21,0,0,27,0,0,0,0,0,0,0,0,0,0,0,0,0,32,0,3,1,0,0,77,0,25,10,0,2,0,0,0,19,0,0,0,0,0,0,0,0,0,0,0,0,0,0,71,0,0,7,0,0,0,0,0,0,0,0,2,0,0,0,0,0,0,7,0,0,0,0,0,42,0,56,0,0,0,0,0,0,0,24,0,4,0,0,0,0,0,0,8,0,9,16,0,0,22,2,0,0,0,0,6,0,36,0,0,0,0,28,43,0,0,36,0,1,0,6,0,0,0,0,0,0,0,0,0,0,0,0,24,21,0,0,0,0,0,1,0,0,0,0,64,0,3,0,0,0,0,0,0,3,14,55,100,0,0,0,0,0,0,0,0,0,0,0,0,"('41792', 'Jun 19, 2018')"
50,41350,Zoro,0y4WkT8q7KQZui7TphIyo1,Oyoko,0.268,0.428,261251,0.946,0.0,2,0.0437,-0.9740000000000001,1,0.0897,80.361,4,0.9640000000000001,24,Oyoko,Oyoko Zoro,30.0,0,0,0,0,0,0,0,0,0,0,0,0,0,0,0,0,0,0,0,0,0,0,0,0,0,0,0,0,0,0,0,0,0,0,0,0,0,11,0,0,0,0,0,0,0,0,0,0,0,0,0,0,0,0,0,0,0,0,0,0,0,0,0,0,0,0,0,0,0,0,0,0,0,0,0,0,0,0,0,0,0,0,0,14,0,0,0,0,0,0,0,0,0,0,0,0,0,0,0,0,0,0,0,0,0,0,0,0,0,0,0,0,0,0,0,0,0,0,0,0,0,0,0,0,0,0,0,0,0,0,0,0,0,0,0,0,0,0,0,0,0,0,0,0,0,0,0,0,0,0,0,0,0,0,0,0,0,0,0,100,0,0,0,0,0,0,0,0,0,0,0,0,0,0,0,0,0,0,0,0,0,0,0,0,0,0,0,0,0,0,0,0,0,0,0,0,0,0,0,0,0,0,0,0,0,0,0,0,0,0,0,0,0,0,0,0,0,0,0,0,0,0,0,0,0,0,0,0,0,0,0,0,0,0,0,0,0,1,0,0,0,0,0,0,0,0,0,0,0,0,"('759178', 'Jan 29, 2018')"
51,41351,Dan Bull,5v9z1fCGjFct53XYIvUBVJ,Sea of Thieves,0.0571,0.615,198064,0.895,0.0,9,0.10800000000000001,-3.8089999999999997,0,0.305,93.05,4,0.8759999999999999,24,Sea of Thieves,Sea of Thieves Dan Bull,55.0,0,0,0,0,0,0,0,0,0,6,0,0,54,32,0,0,0,0,0,17,36,0,0,0,0,0,0,0,0,10,0,0,0,15,0,0,0,0,50,0,0,0,0,0,6,0,0,0,2,0,0,0,0,0,19,0,0,0,43,0,67,0,0,0,0,0,0,0,0,0,0,0,0,0,43,34,0,0,0,0,0,19,43,0,0,19,0,0,0,0,0,0,0,0,0,0,0,0,0,78,0,0,2,0,0,36,0,8,34,0,2,0,0,4,0,0,0,0,0,0,26,0,0,0,0,0,19,0,0,0,0,0,2,0,0,0,0,0,0,0,0,4,0,0,0,0,0,0,0,0,0,0,0,0,41,0,32,0,0,0,0,0,0,0,100,0,0,0,0,0,0,0,0,4,0,26,21,21,0,10,17,0,0,0,0,2,0,10,0,0,8,0,34,0,0,0,19,0,0,0,19,0,0,0,0,0,0,0,0,0,0,0,0,65,32,0,0,0,0,0,4,0,0,0,0,0,0,8,0,0,0,0,0,0,13,6,65,45,0,0,0,0,0,2,0,0,0,0,0,0,"('483820', 'Sep 28, 2017')"
52,41352,Helen Jane Long,3Q4JIclkqwdoxyTXqVFzx3,Arrival,0.924,0.375,221613,0.335,0.9520000000000001,9,0.0641,-14.927999999999999,0,0.0307,139.881,3,0.161,26,Arrival,Arrival Helen Jane Long,48.0,0,0,2,0,0,0,0,0,0,5,0,0,27,27,5,0,0,10,0,0,24,0,0,0,0,5,0,0,0,2,0,0,0,13,0,0,0,0,27,0,0,0,0,0,8,0,0,0,5,0,0,0,0,8,21,0,0,0,29,0,27,0,0,0,2,2,0,0,0,0,0,0,0,0,24,18,0,0,0,0,0,10,27,81,0,21,0,0,0,0,0,0,0,0,0,0,0,0,10,24,0,10,5,0,0,27,0,5,21,0,2,0,0,0,70,0,0,5,0,0,18,0,0,0,0,0,16,0,0,0,0,0,13,0,0,0,0,0,0,21,0,5,0,0,0,0,0,0,2,0,0,0,0,10,27,0,24,0,0,78,0,0,0,0,27,0,16,0,0,0,0,0,5,18,0,13,18,13,16,10,2,0,0,0,0,5,0,10,0,0,21,0,27,21,0,0,27,0,2,0,13,29,0,0,0,0,0,0,0,0,0,0,0,21,29,0,0,2,0,0,2,0,0,0,0,27,8,8,0,0,0,0,0,100,2,16,29,18,0,0,0,0,5,0,0,0,0,0,89,0,"('1884922', 'Mar 12, 2010')"
53,41353,J.R.E,3YX6043AaitjfUAnT3q5N5,7 Figures (feat. Loo Loo With the Juice),0.0673,0.7020000000000001,193247,0.499,1.4099999999999999e-05,10,0.10099999999999999,-5.952000000000001,1,0.19699999999999998,153.95,4,0.0713,0,7 Figures ,7 Figures  J.R.E,11.0,0,0,0,0,0,0,0,0,0,0,0,0,44,0,0,0,0,0,0,0,0,0,0,0,0,0,0,0,0,0,0,0,0,0,0,0,0,0,100,0,0,0,0,0,0,0,0,0,0,0,0,0,0,0,0,0,0,0,0,0,0,0,0,0,0,0,0,0,0,0,0,0,0,0,0,12,0,0,0,0,0,0,16,0,0,0,0,0,0,0,0,0,0,0,0,0,0,0,0,0,0,8,0,0,0,0,0,0,0,0,0,0,0,0,0,0,0,0,0,0,0,0,0,0,0,0,0,0,0,0,0,0,0,0,0,0,0,0,0,0,0,0,0,0,0,0,0,0,0,0,0,0,0,0,25,0,0,0,0,0,0,0,0,0,39,0,0,0,0,0,0,0,0,27,0,0,0,0,0,0,0,0,0,0,0,0,0,0,0,0,0,0,0,0,0,0,77,0,0,0,0,0,0,0,0,0,0,0,0,0,0,0,0,0,0,0,0,0,0,0,0,0,0,0,0,0,0,0,0,0,0,0,0,0,0,0,39,73,0,0,0,0,0,0,0,0,0,0,0,0,"('185742', 'Mar 16, 2018')"
54,41354,The Lawrence Arms,6Weq7HZ26kbZMVWRZUkvCB,100 Resolutions,0.000331,0.243,208124,0.882,0.0044,11,0.184,-6.577999999999999,1,0.132,196.264,4,0.638,14,100 Resolutions,100 Resolutions The Lawrence Arms,46.0,0,0,0,0,0,0,0,0,0,0,0,0,0,0,0,0,0,0,0,0,0,0,0,0,0,0,0,0,0,0,0,0,0,0,0,0,0,0,0,0,0,0,0,0,0,0,0,0,0,0,0,0,0,0,0,0,0,0,0,0,0,0,0,0,0,0,0,0,0,0,0,0,0,0,0,0,0,0,0,0,0,0,0,0,0,0,0,0,0,0,0,0,0,0,0,0,0,0,0,0,0,0,0,0,0,0,0,0,0,0,0,0,0,0,0,0,0,0,0,0,0,0,0,0,0,0,0,0,0,0,0,0,0,0,0,0,0,0,0,0,0,0,0,0,0,0,0,0,0,0,0,0,0,0,0,0,0,0,0,0,0,0,0,0,0,0,0,0,0,0,0,0,0,0,0,0,0,0,0,0,0,0,0,0,0,0,0,0,0,0,0,0,0,0,0,0,0,0,0,0,0,0,0,0,0,0,0,0,0,0,0,0,0,0,0,0,0,0,0,0,0,0,0,0,0,0,0,0,0,0,0,0,0,0,0,0,0,100,0,0,0,0,0,0,0,0,0,0,0,0,"('16370', 'Dec 31, 2010')"
55,41355,tyDi,4W0HcgAUL1B4oc7bSUQED4,Closing In,0.0771,0.345,251429,0.593,0.000151,6,0.0943,-6.222,1,0.0355,167.942,4,0.18600000000000005,24,Closing In,Closing In tyDi,46.0,0,0,0,0,0,0,0,0,0,0,0,0,88,13,0,0,0,29,0,0,20,0,0,0,0,0,0,0,0,4,0,0,0,0,0,0,0,0,86,0,0,0,0,0,0,0,0,0,2,0,0,0,0,0,0,0,0,0,0,0,37,0,0,0,0,4,0,0,0,0,0,0,0,0,19,8,0,0,0,0,0,0,9,0,0,15,0,0,0,0,0,0,0,0,0,0,0,0,11,0,0,50,25,0,0,84,0,11,13,40,2,0,0,0,98,0,0,18,0,0,0,30,0,0,0,0,0,0,0,0,0,0,27,0,0,0,0,0,0,0,0,5,0,0,0,0,0,0,0,0,0,0,0,59,26,0,56,0,0,77,0,0,0,0,0,0,80,0,0,0,0,0,0,62,0,5,18,0,31,13,2,0,0,0,0,8,0,0,0,0,37,0,0,0,0,0,88,0,1,0,11,30,0,0,0,0,0,0,0,0,0,0,0,23,0,0,0,0,0,0,1,0,0,0,0,73,0,2,0,0,0,0,0,0,0,51,72,100,0,0,0,0,0,0,0,0,0,0,0,0,"('766318', 'Oct 5, 2017')"
56,41356,G1ftedmusic,5Kdjq2L773HNNcJL0ZMrry,In a Day,0.58,0.847,248947,0.895,0.0,11,0.136,-4.308,0,0.28300000000000003,124.01299999999999,4,0.8759999999999999,0,In a Day,In a Day G1ftedmusic,3.0,0,0,3,0,0,0,0,0,0,8,0,0,98,33,0,0,0,15,0,0,32,0,0,0,0,0,0,0,0,5,0,0,0,23,0,0,0,0,80,0,0,0,0,0,11,0,0,0,6,0,0,0,0,0,37,0,0,0,26,0,92,0,0,0,4,5,0,0,0,0,0,0,0,0,43,15,0,0,0,0,0,0,24,0,0,35,0,0,0,0,0,0,0,0,0,0,0,0,17,24,0,18,6,0,0,100,0,17,41,72,5,0,0,0,47,0,0,10,0,0,0,17,0,0,0,0,34,0,0,0,0,0,15,0,0,0,0,0,0,0,0,9,0,0,0,0,0,0,7,0,0,0,0,24,40,0,92,0,0,41,0,0,0,0,64,0,18,0,0,0,0,0,7,33,0,11,30,0,19,18,2,0,0,0,0,6,0,19,0,0,44,0,20,45,0,0,68,0,3,0,15,22,0,0,0,0,0,0,0,0,0,0,0,56,32,0,0,5,0,0,3,0,0,0,0,67,0,3,0,0,0,0,0,0,0,23,89,83,0,0,0,0,0,3,0,0,0,0,0,0,"('446037', 'Sep 11, 2011')"
57,41357,Bronze Whale,4XFuV46RSVeorshHdtWMMu,Exposure,0.00216,0.593,200500,0.875,0.6729999999999999,4,0.107,-5.461,0,0.0349,120.01100000000001,4,0.0504,25,Exposure,Exposure Bronze Whale,45.0,0,0,5,0,0,0,0,0,0,3,0,0,63,21,0,0,0,26,0,0,24,0,0,0,0,0,0,0,0,1,0,0,0,17,0,0,14,0,49,0,0,0,0,0,5,0,0,0,3,0,0,0,0,0,31,0,0,0,17,0,38,0,0,0,0,14,0,0,0,0,0,0,0,0,31,10,0,0,0,0,0,0,14,87,0,24,0,0,0,0,0,0,0,0,0,0,0,0,33,24,0,22,24,0,3,77,0,17,14,0,3,0,7,0,38,0,0,14,0,0,0,12,0,0,0,0,31,0,0,0,0,0,29,0,0,0,0,0,0,0,0,3,0,0,0,0,0,0,8,0,100,0,0,40,35,0,56,0,0,68,0,0,0,0,47,0,21,0,0,0,0,0,3,47,0,14,22,0,29,17,3,0,0,0,0,5,0,17,0,0,52,0,19,35,0,0,57,0,8,0,10,45,0,0,0,0,0,0,0,0,0,0,0,33,24,0,0,5,0,0,3,0,0,0,0,0,10,3,0,0,0,0,0,0,3,29,87,43,0,0,0,0,0,3,0,0,0,0,0,0,"('1243', 'Feb 13, 2018')"
58,41358,Marty O'Reilly & the Old Soul Orchestra,52nVcRmNIxZRTl6ZD1SfEa,Ghost,0.303,0.446,311124,0.65,4.15e-05,9,0.243,-7.103,0,0.032,96.17200000000001,4,0.295,20,Ghost,Ghost Marty O'Reilly & the Old Soul Orchestra,37.0,0,0,8,0,0,0,0,0,0,16,0,0,83,41,0,0,0,50,0,0,62,0,0,0,0,0,0,0,0,12,0,0,0,41,0,0,58,0,79,0,0,0,0,0,25,0,0,0,12,0,0,0,0,25,41,0,0,0,50,0,75,0,0,0,12,8,0,0,0,0,0,0,0,0,83,41,0,0,0,0,0,0,37,0,0,41,0,0,0,0,0,0,0,0,0,0,0,0,25,50,0,62,25,0,4,66,0,16,33,70,4,0,0,0,41,0,0,20,0,0,0,0,0,0,0,0,0,0,0,0,0,0,66,0,0,0,0,0,0,0,0,20,0,0,0,0,0,0,8,0,0,0,0,100,58,0,79,0,0,83,0,0,0,0,79,0,37,0,0,0,0,0,16,91,0,29,33,45,0,29,8,0,0,0,0,8,0,25,0,0,79,0,50,0,0,0,62,0,4,0,25,70,0,0,0,0,0,0,0,0,0,0,0,83,37,0,0,8,0,0,37,0,0,0,0,0,0,8,0,0,0,0,0,0,8,37,83,79,0,0,0,0,16,12,0,0,0,0,0,0,"('5346', 'Nov 30, 2015')"
59,41359,Donovan Wolfington,65KbLiHtlN73WEVUS4irBo,Wave,0.0011099999999999999,0.523,257760,0.875,0.2,6,0.111,-7.16,0,0.0811,161.134,4,0.369,18,Wave,Wave Donovan Wolfington,26.0,0,0,5,0,0,0,0,0,0,18,0,0,74,30,0,0,0,18,0,0,45,0,0,0,0,0,0,0,0,14,0,0,0,23,0,0,14,0,69,0,0,0,0,0,14,0,0,0,7,0,0,0,0,0,45,0,0,0,38,0,40,0,0,0,7,7,0,0,0,0,0,0,0,0,41,29,0,0,0,0,0,0,30,0,0,30,0,0,0,0,0,0,0,0,0,0,0,0,32,23,0,21,16,0,0,67,0,25,32,100,16,0,0,0,0,0,0,16,0,0,0,0,0,0,0,0,0,0,0,0,0,0,41,0,0,0,0,0,0,0,0,9,0,0,0,0,0,0,9,0,0,0,0,41,47,0,70,0,0,0,0,0,0,0,50,0,14,0,0,0,0,0,12,96,0,18,43,0,32,20,7,0,0,0,0,10,0,21,0,0,50,0,25,0,0,0,60,0,18,0,20,0,0,0,0,0,0,0,0,0,0,0,0,45,38,0,0,14,0,0,21,0,0,0,0,89,0,3,0,0,0,0,0,0,9,30,74,85,0,0,0,0,10,63,0,0,0,0,0,0,"('2724', 'Jan 23, 2018')"
60,41360,La Nobleza De Aguililla,4My06e6HvTdl8m5ha6fRVS,Que Vuelva Conmigo,0.542,0.73,194194,0.647,0.0,10,0.0605,-5.566,1,0.18600000000000005,151.806,3,0.705,27,Que Vuelva Conmigo,Que Vuelva Conmigo La Nobleza De Aguililla,47.0,0,0,0,0,0,0,0,0,0,53,0,0,0,0,0,0,0,0,0,0,0,0,0,0,0,0,0,0,0,0,0,0,0,0,0,0,0,0,0,0,0,0,0,0,0,0,0,0,100,0,0,0,0,0,0,0,0,0,0,0,0,0,0,0,0,0,0,0,0,0,0,0,0,0,0,0,0,0,0,0,0,0,0,0,0,0,0,0,0,0,0,0,0,0,0,0,0,0,0,0,0,0,0,0,0,0,0,0,0,0,0,0,0,0,0,0,0,0,0,0,0,0,0,0,0,0,0,0,0,0,0,0,0,0,0,0,0,0,0,0,0,70,0,0,0,0,0,0,0,0,0,0,0,0,0,0,0,0,0,0,0,0,0,0,0,0,0,0,0,0,0,0,0,0,0,0,0,0,0,0,0,0,0,0,0,0,0,0,0,0,0,0,0,0,0,0,0,0,0,0,42,0,0,0,0,0,0,0,0,0,0,0,0,0,0,0,0,0,0,0,0,0,0,0,0,0,0,0,0,0,0,0,0,0,0,0,0,6,0,0,0,0,0,0,0,0,0,0,0,0,"('22786', 'May 3, 2016')"
61,41361,Saul El Jaguar Alarcón,13tsuQWp5WOjJPO1vnSnQL,El Katch - Versión Norteña,0.65,0.575,147520,0.8220000000000001,0.0,10,0.22,-5.0969999999999995,1,0.0722,170.28599999999997,3,0.96,20,El Katch ,El Katch  Saul El Jaguar Alarcón,52.0,0,0,0,0,0,0,0,0,0,0,0,0,0,0,0,0,0,0,0,0,0,0,0,0,0,0,0,0,0,0,0,0,0,0,0,0,0,0,0,0,0,0,0,0,0,0,0,0,0,0,0,0,0,0,0,0,0,0,0,0,0,0,0,0,0,0,0,0,0,0,0,0,0,0,0,0,0,0,0,0,0,0,0,0,0,0,0,0,0,0,0,0,0,0,0,0,0,0,0,0,0,0,0,0,0,0,0,0,0,0,0,0,0,0,0,0,0,0,0,0,0,0,0,0,0,0,0,0,0,0,0,0,0,0,0,0,0,0,0,0,0,100,0,0,0,0,0,0,0,0,0,0,0,0,0,0,0,0,0,0,0,0,0,0,0,0,0,0,0,0,0,0,0,0,0,0,0,0,0,0,0,0,0,0,0,0,0,0,0,0,0,0,0,0,0,0,0,0,0,0,1,0,0,0,0,0,0,0,0,0,0,0,0,0,0,0,0,0,0,0,0,0,0,0,0,0,0,0,0,0,0,0,0,0,0,0,0,15,0,0,0,0,0,0,0,0,0,0,0,0,"('1029856', 'Oct 13, 2009')"
62,41362,Poshlaja Molli,5kKmGSnl01BOavLYsVLBhr,Vse khotjat menja potselovat',0.0156,0.5479999999999999,144000,0.74,0.0,9,0.161,-6.356,1,0.037000000000000005,109.979,4,0.484,35,Vse khotjat menja potselovat',Vse khotjat menja potselovat' Poshlaja Molli,39.0,0,0,0,0,0,0,0,0,0,0,0,0,0,0,0,0,0,0,0,0,0,0,0,0,0,0,0,0,0,0,0,0,0,0,0,0,0,0,0,0,0,0,0,0,0,0,0,0,0,0,0,0,0,0,0,0,0,0,0,0,0,0,0,0,0,0,0,0,0,0,0,0,0,0,0,0,0,0,0,0,0,0,0,0,0,0,0,0,0,0,0,0,0,0,0,0,0,0,0,0,0,0,0,0,0,0,0,0,0,0,0,0,0,0,0,0,0,0,0,0,0,0,0,0,0,0,0,0,0,0,0,0,0,0,0,0,0,0,0,0,0,0,0,0,0,0,0,0,0,0,0,0,0,0,0,0,0,0,0,0,0,0,0,0,0,0,0,0,0,0,0,0,0,0,0,0,0,0,0,0,0,0,0,0,0,0,0,0,0,0,0,0,0,0,0,0,0,0,0,0,0,0,0,0,0,0,0,0,0,0,0,0,0,0,0,0,0,0,0,0,0,0,0,0,0,0,0,0,0,0,0,0,0,0,0,0,0,0,0,0,0,0,0,0,0,0,0,0,0,0,"('4668185', 'May 1, 2018')"
63,41363,Siddhartha Khosla,7D6rJfjXbc7GfFtwZEg3QG,Kevin Pearson Is Lost (Brothers),0.887,0.7659999999999999,103008,0.23,0.879,11,0.10400000000000001,-18.011,0,0.0511,78.969,4,0.191,26,Kevin Pearson Is Lost ,Kevin Pearson Is Lost  Siddhartha Khosla,39.0,0,0,0,0,0,0,0,0,0,0,0,0,0,0,0,0,0,0,0,0,0,0,0,0,0,0,0,0,0,0,0,0,0,0,0,0,0,0,0,0,0,0,0,0,0,0,0,0,0,0,0,0,0,0,0,0,0,0,0,0,0,0,0,0,0,0,0,0,0,0,0,0,0,0,0,0,0,0,0,0,0,0,0,0,0,0,0,0,0,0,0,0,0,0,0,0,0,0,0,0,0,0,0,0,0,0,0,0,0,0,0,0,0,0,0,0,0,0,0,0,0,0,0,0,0,0,0,0,0,0,0,0,0,0,0,0,0,0,0,0,0,0,0,0,0,0,0,0,0,0,0,0,0,0,0,0,0,0,0,0,0,0,0,0,0,0,0,0,0,0,0,0,0,0,0,0,0,0,0,0,0,0,0,0,0,0,0,0,0,0,0,0,0,0,0,0,0,0,0,0,0,0,0,0,0,0,0,0,0,0,0,0,0,0,0,0,0,0,0,0,0,0,0,0,0,0,0,0,0,0,0,0,0,0,0,0,0,0,0,0,0,0,0,0,0,0,0,0,0,0,"(None, None)"
64,41364,OLNL,6gIxxuu1VRCI2LuHmLEpXL,SWEET (feat. Samuel Seo),0.205,0.737,205875,0.6940000000000001,0.0,0,0.0955,-4.915,1,0.135,94.899,4,0.35100000000000003,13,SWEET ,SWEET  OLNL,39.0,0,0,4,0,0,0,0,0,0,14,0,0,32,28,0,0,0,11,0,0,27,0,0,0,0,12,0,0,0,14,0,0,0,21,0,0,38,0,32,0,0,0,0,0,17,0,0,0,13,0,0,0,0,19,23,0,0,0,34,0,28,0,0,6,12,3,17,0,0,0,0,0,0,0,24,24,0,0,0,0,0,19,21,0,0,23,0,0,0,0,14,0,0,0,0,0,0,14,14,30,0,13,21,0,0,40,0,13,24,60,9,0,0,3,100,0,0,9,0,0,0,0,0,0,0,0,24,0,0,0,0,0,35,0,0,0,0,0,0,0,0,16,0,0,0,0,0,0,6,0,0,0,0,17,26,0,37,0,0,39,0,0,0,0,22,0,10,0,0,0,0,0,12,42,0,25,22,0,17,17,5,0,0,0,0,5,0,14,0,0,31,0,27,0,0,0,31,0,5,0,33,0,0,0,0,0,0,0,0,0,0,0,0,22,23,0,0,6,0,31,10,0,0,0,0,68,0,5,0,0,0,0,0,0,7,18,35,33,14,0,0,0,10,3,0,0,0,0,0,0,"('172038', 'Feb 7, 2018')"
65,41365,Vincenzo Callea,6talr4uuAn2iegxExrti94,My Faults - Black Legend Remix Radio,0.0542,0.748,191189,0.924,0.0183,1,0.0471,-6.962999999999999,1,0.0448,124.986,4,0.21600000000000005,10,My Faults ,My Faults  Vincenzo Callea,20.0,0,0,0,0,0,0,0,0,0,0,0,0,25,0,0,0,0,0,0,0,0,0,0,0,0,0,0,0,0,0,0,0,0,0,0,0,0,0,0,0,0,0,0,0,0,0,0,0,0,0,0,0,0,0,0,0,0,0,0,0,0,0,0,0,0,0,0,0,0,0,0,0,0,0,0,0,0,0,0,0,0,0,0,0,0,0,0,0,0,0,0,0,0,0,0,0,0,0,0,0,0,2,0,0,0,0,0,0,0,0,0,0,0,0,0,0,0,0,0,0,0,0,0,0,0,0,0,0,0,0,0,0,0,0,0,0,0,0,0,0,0,0,0,0,0,0,0,0,0,0,0,0,0,0,0,0,0,0,0,0,0,0,0,0,0,0,0,0,0,0,0,0,0,0,0,0,0,0,0,0,0,0,0,0,0,0,0,0,0,0,0,0,0,0,0,0,100,0,0,0,0,0,0,0,0,0,0,0,0,0,0,0,0,0,0,0,0,0,0,0,0,0,0,0,0,0,0,0,0,0,0,0,0,0,0,0,46,95,0,0,0,0,0,0,0,0,0,0,0,0,"('272574', 'Feb 20, 2018')"
66,41366,Beats Bunny,4EM0hhoXJcr5QU9FcYtZOo,Tu No Metes Cabra Remix - Dema Ga Ge Gi Go Gu - Soy Peor - Diles - Caile - La Ultima Vez - Netflixxx - Panamera,0.431,0.527,681274,0.672,0.0,2,0.14,-5.73,1,0.292,92.17,4,0.475,1,Tu No Metes Cabra Remix ,Tu No Metes Cabra Remix  Beats Bunny,2.0,0,0,0,0,0,0,0,0,0,26,0,0,0,0,0,0,0,0,0,0,0,0,0,0,0,19,0,0,0,0,0,0,0,0,0,0,0,0,0,0,0,0,0,0,25,0,0,0,41,0,0,0,0,20,0,0,0,0,0,0,0,0,0,44,33,0,49,0,0,0,0,0,0,0,0,0,0,0,0,0,0,0,0,0,0,0,0,0,0,0,41,0,0,0,0,0,0,62,0,0,0,0,0,0,0,0,0,0,1,0,0,0,0,0,0,0,0,0,0,0,0,0,0,0,0,0,0,0,0,0,0,0,0,0,0,0,0,0,0,0,0,10,0,0,0,0,0,0,0,0,0,0,0,0,0,0,0,95,0,0,0,0,0,0,0,0,0,0,0,27,0,20,29,0,0,0,0,84,0,0,0,0,0,0,0,0,0,0,0,0,0,0,0,0,0,0,0,0,0,0,23,0,0,0,0,0,0,0,0,0,0,0,0,0,0,0,0,0,0,0,0,0,0,0,0,0,0,0,0,0,0,0,0,0,0,0,0,4,29,0,0,0,100,0,0,0,0,0,0,0,"('146927672', 'Oct 27, 2017')"
67,41367,Sleepy Dog,6Ov9AXQGzzCDR24qhZp9lc,Screamers,5.57e-06,0.363,193325,0.674,0.528,10,0.0909,-10.845,0,0.0409,139.83700000000002,4,0.502,29,Screamers,Screamers Sleepy Dog,49.0,0,0,0,0,0,0,0,0,0,69,0,0,21,7,0,0,0,0,0,0,6,0,0,0,0,52,0,0,0,2,0,0,0,6,0,0,0,0,28,0,0,0,0,0,71,0,0,0,41,0,0,0,0,52,0,0,0,0,78,0,15,0,0,12,33,2,52,0,0,0,0,0,0,0,11,8,0,0,0,0,0,0,6,0,0,0,0,0,0,0,44,0,0,0,0,0,0,0,0,13,0,3,4,0,0,100,0,0,7,0,2,0,0,0,0,0,0,0,0,0,0,0,0,0,0,0,0,0,0,0,0,0,4,0,0,0,0,0,0,0,0,67,0,0,0,0,0,0,3,0,0,0,0,0,6,0,9,0,0,0,0,0,0,0,14,0,2,0,0,0,0,0,49,6,0,6,10,0,0,8,6,0,0,0,0,2,0,6,0,0,7,0,13,0,0,0,22,0,0,0,30,12,0,0,0,0,0,0,0,0,0,0,0,11,10,0,0,0,0,0,0,0,0,0,0,0,0,0,0,0,0,0,0,0,6,6,22,19,53,0,0,0,47,0,0,0,0,0,0,0,"('57349', 'Jan 30, 2018')"
68,41368,Holy Wave,3AQxSIiybQxBL4kHXHakmA,How Was I Supposed to Know,0.0208,0.552,279500,0.47700000000000004,0.128,5,0.115,-12.949000000000002,0,0.0282,127.13799999999999,4,0.345,22,How Was I Supposed to Know,How Was I Supposed to Know Holy Wave,36.0,0,0,0,0,0,0,0,0,0,0,0,0,0,0,0,0,0,0,0,0,0,0,0,0,0,0,0,0,0,0,0,0,0,0,0,0,0,0,0,0,0,0,0,0,0,0,0,0,0,0,0,0,0,0,0,0,0,0,0,0,0,0,0,0,0,0,0,0,0,0,0,0,0,0,0,0,0,0,0,0,0,0,0,0,0,0,0,0,0,0,0,0,0,0,0,0,0,0,0,0,0,0,0,0,0,0,0,0,0,0,0,0,0,0,0,0,0,0,0,0,0,0,0,0,0,0,0,0,0,0,0,0,0,0,0,0,0,0,0,0,0,0,0,0,0,0,0,0,0,0,0,0,0,0,0,0,0,0,0,0,0,0,0,0,0,0,0,0,0,0,0,0,0,0,0,0,0,0,0,0,0,0,0,0,0,0,0,0,0,0,0,0,0,0,0,0,0,0,0,0,0,0,0,0,0,0,0,0,0,0,0,0,0,0,0,0,0,0,0,0,0,0,0,0,0,0,0,0,0,0,0,0,0,0,0,0,30,100,0,0,0,0,0,0,0,0,0,0,0,0,"('10304', 'Jun 20, 2017')"
69,41369,Aryia,3AufiXUQ5lfIiDj4powziS,Come Around,0.188,0.451,152503,0.45399999999999996,0.0,9,0.324,-8.115,0,0.14300000000000002,83.00399999999998,4,0.401,14,Come Around,Come Around Aryia,33.0,0,0,0,0,0,0,0,0,0,18,0,0,71,46,0,0,0,0,0,0,32,0,0,0,0,0,0,0,0,11,0,0,0,0,0,0,0,0,77,0,0,0,0,0,20,0,0,0,12,0,0,0,0,76,0,0,0,0,28,0,30,0,0,0,0,0,0,0,0,0,0,0,0,0,28,20,0,0,0,0,0,0,30,0,0,29,0,0,0,0,0,0,0,0,0,0,0,0,0,0,0,3,8,0,0,87,0,19,36,0,4,0,0,0,29,0,0,0,0,0,0,0,0,0,0,0,0,0,0,0,0,0,12,0,0,0,0,0,0,0,0,12,0,0,0,0,0,0,0,0,0,0,0,0,33,0,99,0,0,0,0,0,0,0,32,0,3,0,0,0,0,0,13,24,0,21,30,0,0,30,3,0,0,0,0,3,0,17,0,0,19,0,0,0,0,0,40,0,4,0,21,0,0,0,0,0,0,0,0,0,0,0,0,26,34,0,0,3,0,0,5,0,0,0,0,0,0,3,0,0,0,0,0,0,7,13,76,100,0,0,0,0,0,1,0,0,0,0,0,0,"('28482', 'Feb 1, 2018')"
70,41370,vowl.,4cDN6hfm6yWclW5pza0SBX,weightless,0.183,0.5589999999999999,171860,0.4,0.9359999999999999,4,0.251,-9.912,0,0.0905,129.94899999999998,4,0.0374,28,weightless,weightless vowl.,45.0,0,0,6,0,0,0,0,0,0,14,0,0,83,35,0,0,0,8,0,0,36,0,0,0,0,0,0,0,0,7,0,0,0,28,0,0,0,0,89,0,0,0,0,0,18,0,0,0,14,0,0,0,0,30,48,0,0,0,22,0,55,0,0,0,9,3,0,0,0,0,0,0,0,0,43,21,0,0,0,0,0,0,28,0,0,35,0,0,0,0,16,0,0,0,0,0,0,0,15,24,0,16,9,0,0,100,0,15,24,0,3,0,0,0,36,0,0,0,0,0,0,16,0,0,0,0,41,0,0,0,0,0,24,0,0,0,0,0,0,0,0,20,0,0,0,0,0,0,6,0,0,0,0,18,46,0,69,0,0,0,0,0,0,0,40,0,13,0,0,0,0,0,9,33,0,22,35,47,0,53,2,0,0,0,0,3,0,24,0,0,46,0,33,77,0,0,71,0,3,0,28,0,0,0,0,0,0,0,0,0,0,0,0,29,35,0,0,5,0,0,5,0,0,0,0,0,0,6,0,0,0,0,0,0,0,23,66,86,17,0,0,0,9,2,0,0,0,0,0,0,"('159959', 'Feb 25, 2018')"
71,41371,Angèle,2ZNohnKKS9a2zKa3nIiMdn,Je veux tes yeux,0.708,0.7390000000000001,209562,0.409,0.0,5,0.11900000000000001,-8.067,0,0.0461,101.98299999999999,4,0.271,3,Je veux tes yeux,Je veux tes yeux Angèle,73.0,0,0,0,0,0,0,0,0,0,0,0,0,0,0,0,0,0,0,0,0,100,0,0,0,0,0,0,0,0,0,0,0,0,0,0,0,0,0,0,0,0,0,0,0,0,0,0,0,0,0,0,0,0,0,0,0,0,0,0,0,0,0,0,0,0,0,0,0,0,0,0,0,0,0,0,34,0,0,0,0,0,0,0,0,0,0,0,0,0,0,0,0,0,0,0,0,0,0,0,0,0,0,0,0,0,0,0,0,0,0,0,0,0,0,0,0,0,0,0,0,0,0,0,0,0,0,0,0,0,0,0,0,0,0,0,0,0,0,0,0,0,0,0,0,0,0,0,0,0,0,0,0,0,0,0,0,0,0,0,0,0,0,0,0,0,0,0,0,0,0,0,0,0,0,0,0,0,0,0,0,0,0,0,0,0,0,0,0,0,0,0,0,0,0,0,0,0,0,0,0,0,0,0,0,0,0,0,0,0,0,0,0,0,0,0,0,0,0,0,0,0,0,0,0,0,0,0,0,0,0,0,0,0,0,0,0,0,0,0,0,0,0,0,0,0,0,0,0,0,0,"('11289749', 'Jan 31, 2018')"
72,41372,Confidence Man,42NhYT4c8642P9DF1bmYqq,Don't You Know I'm In a Band,0.0136,0.8340000000000001,203867,0.723,0.696,3,0.0423,-6.3260000000000005,1,0.040999999999999995,140.075,4,0.8420000000000001,35,Don't You Know I'm In a Band,Don't You Know I'm In a Band Confidence Man,48.0,0,0,0,0,0,0,0,0,0,0,0,0,100,0,0,0,0,0,0,0,0,0,0,0,0,0,0,0,0,0,0,0,0,0,0,0,0,0,0,0,0,0,0,0,0,0,0,0,0,0,0,0,0,0,0,0,0,0,0,0,0,0,0,0,0,0,0,0,0,0,0,0,0,0,0,0,0,0,0,0,0,0,0,0,0,0,0,0,0,0,0,0,0,0,0,0,0,0,0,0,0,0,0,0,0,0,0,0,0,0,0,0,0,0,0,0,0,0,0,0,0,0,0,0,0,0,0,0,0,0,0,0,0,0,0,0,0,0,0,0,0,0,0,0,0,0,0,0,0,0,0,0,0,0,0,0,0,0,0,0,0,0,0,0,0,0,0,0,0,0,0,0,0,0,0,0,0,0,0,0,0,0,0,0,0,0,0,0,0,0,0,0,0,0,0,0,0,0,0,0,0,0,0,0,0,0,0,0,0,0,0,0,0,0,0,0,0,0,0,0,0,0,0,0,0,0,0,0,0,0,0,0,0,0,0,0,0,0,0,0,0,0,0,0,0,0,0,0,0,0,"('226784', 'Apr 10, 2018')"
73,41373,Confidence Man,7uvt4gVvogBjiIK8m0wpIm,Boyfriend,0.192,0.6629999999999999,249933,0.978,0.0698,10,0.0835,-4.502,1,0.0823,120.035,4,0.6990000000000001,41,Boyfriend,Boyfriend Confidence Man,48.0,0,0,9,0,0,0,0,0,0,6,0,0,58,23,0,0,0,59,0,0,20,0,0,0,0,0,0,0,0,4,0,0,0,19,0,0,22,0,54,0,0,0,0,0,5,0,0,0,4,0,0,0,0,0,26,0,0,0,19,0,36,0,0,0,5,6,0,0,0,0,0,0,0,0,34,12,0,0,0,0,0,0,18,0,0,22,0,0,0,0,0,0,0,0,0,0,0,0,19,16,0,48,13,0,0,56,0,13,11,100,4,0,0,0,70,0,0,20,0,0,0,16,0,0,0,0,0,0,0,0,0,0,45,0,0,0,0,0,0,76,0,6,0,0,0,0,0,0,11,0,0,0,0,61,26,0,65,0,0,55,0,0,0,0,43,0,50,0,0,0,0,0,6,95,0,16,16,0,34,13,2,0,0,0,0,11,0,16,0,0,45,0,20,0,0,0,75,0,4,0,8,68,0,0,0,0,0,0,0,0,0,0,0,36,19,0,0,6,0,0,5,0,0,0,0,84,16,5,0,0,0,0,0,0,0,37,58,68,0,0,0,0,0,5,0,0,0,0,0,0,"('580808', 'Sep 5, 2016')"
74,41374,SFDK,4J0ZMeYN7OkblxlarosaLT,Años Muertos,0.21100000000000002,0.39299999999999996,226093,0.8009999999999999,0.0,10,0.312,-5.516,1,0.551,165.935,4,0.266,51,Años Muertos,Años Muertos SFDK,62.0,0,0,0,0,0,0,0,0,0,5,0,0,0,0,0,0,0,0,0,0,0,0,0,0,0,0,0,0,0,0,0,0,0,0,0,0,0,0,0,0,0,0,0,0,8,0,0,0,6,0,0,0,0,0,0,0,0,0,0,0,0,0,0,0,0,0,0,0,0,0,0,0,0,0,0,0,0,0,0,0,0,0,0,0,0,0,0,0,0,0,0,0,0,0,0,0,0,0,0,0,0,0,0,0,0,0,0,0,0,0,0,0,0,0,0,0,0,0,0,0,0,0,0,0,0,0,0,0,0,0,0,0,0,0,0,0,0,0,0,0,0,14,0,0,0,0,0,0,0,0,0,0,0,0,0,0,0,0,0,0,0,0,0,0,0,0,0,0,0,0,0,0,0,0,0,0,0,0,0,0,0,0,0,0,0,0,0,0,0,0,0,0,0,0,0,0,0,0,0,0,100,0,0,0,0,0,0,0,0,0,0,0,0,0,0,0,0,0,0,0,0,0,0,0,0,0,0,0,0,0,0,0,0,0,0,0,0,0,0,0,0,0,0,0,0,0,0,0,0,0,"('6824412', 'Feb 8, 2018')"
75,41375,Tha Corp,7kzZ7XxrM35aSm24b2kH62,7 Days & 2 Nites,0.0755,0.5720000000000001,268235,0.804,1.15e-06,4,0.508,-8.562999999999999,0,0.267,76.282,4,0.44,0,7 Days & 2 Nites,7 Days & 2 Nites Tha Corp,7.0,0,0,0,0,0,0,0,0,0,0,0,0,0,0,0,0,0,0,0,0,0,0,0,0,0,0,0,0,0,0,0,0,0,0,0,0,0,0,0,0,0,0,0,0,0,0,0,0,0,0,0,0,0,0,0,0,0,0,0,0,0,0,0,0,0,0,0,0,0,0,0,0,0,0,0,0,0,0,0,0,0,0,0,0,0,0,0,0,0,0,0,0,0,0,0,0,0,0,0,0,0,0,0,0,0,0,0,0,0,0,0,0,0,0,0,0,0,0,0,0,0,0,0,0,0,0,0,0,0,0,0,0,0,0,0,0,0,0,0,0,0,0,0,0,0,0,0,0,0,0,0,0,0,0,0,0,0,0,0,0,0,0,0,0,0,0,0,0,0,0,0,0,0,0,0,0,0,0,0,0,0,0,0,0,0,0,0,0,0,0,0,0,0,0,0,0,0,0,0,0,0,0,0,0,0,0,0,0,0,0,0,0,0,0,0,0,0,0,0,0,0,0,0,0,0,0,0,0,0,0,0,0,0,0,0,0,0,0,0,0,0,0,0,0,0,0,0,0,0,0,"('41766949', 'Jul 31, 2009')"
76,41376,Sloan,4LpaS9caYErvomFBi4C0UI,Gone for Good,0.213,0.39899999999999997,208113,0.8059999999999999,0.0,2,0.355,-7.3320000000000025,1,0.035,147.291,4,0.49,12,Gone for Good,Gone for Good Sloan,72.0,0,0,0,0,0,0,0,0,0,0,0,0,3,0,0,0,0,0,0,0,0,0,0,0,0,0,0,0,0,0,0,0,0,0,0,0,0,0,4,0,0,0,0,0,0,0,0,0,0,0,0,0,0,0,0,0,0,0,0,0,0,0,0,0,0,0,0,0,0,0,0,0,0,0,0,0,0,0,0,0,0,0,1,83,0,0,0,0,0,0,0,0,0,0,0,0,0,0,0,0,0,0,0,0,0,0,0,0,0,0,0,0,0,0,0,0,0,0,0,0,0,0,0,0,0,0,0,0,0,0,0,0,0,0,0,0,0,0,0,0,0,0,0,0,0,0,0,0,0,0,0,0,0,0,0,0,0,0,0,100,0,0,0,0,0,0,0,0,0,0,0,0,0,2,0,0,0,0,0,0,0,0,0,0,0,0,0,0,0,0,0,0,0,0,0,0,0,0,0,0,0,0,0,0,0,0,0,0,0,0,0,0,0,0,0,0,0,0,0,0,0,0,0,0,0,0,0,0,0,0,0,0,0,0,0,0,3,6,0,0,0,0,0,0,0,0,0,23,0,0,"('2936', 'Apr 12, 2018')"
77,41377,Novelist,2AZYUhXnfuiWQ3a58PRcor,Gangster,0.0655,0.792,213252,0.7490000000000001,1.23e-06,9,0.0509,-7.117000000000001,1,0.239,164.015,4,0.127,22,Gangster,Gangster Novelist,45.0,0,34,5,0,0,0,0,0,0,4,0,0,29,34,13,0,0,36,0,0,21,0,0,0,0,0,0,0,0,8,0,0,0,20,0,0,9,0,28,0,0,0,0,0,6,0,0,0,6,0,0,0,0,0,15,0,0,0,23,0,21,0,0,9,4,2,0,0,0,0,0,0,0,0,14,18,0,0,0,0,0,23,32,0,0,14,0,0,0,0,11,0,0,0,0,0,0,0,0,28,0,50,32,0,0,25,0,6,12,53,1,0,0,0,22,0,0,11,0,0,0,0,0,0,0,0,56,0,0,0,0,0,100,0,0,0,0,0,0,0,0,7,0,0,0,0,0,0,8,0,0,0,0,81,21,0,48,0,0,0,0,0,0,0,22,0,29,0,0,0,0,0,3,41,0,16,12,0,0,19,2,0,0,0,0,6,0,12,0,0,47,0,27,0,0,0,66,0,1,0,6,0,0,0,0,0,0,0,0,0,0,0,0,23,26,0,0,0,0,0,2,0,0,0,0,59,0,18,0,0,0,0,0,0,5,23,27,28,0,0,0,0,0,3,0,0,0,0,0,0,"('249', 'Nov 6, 2018')"
78,41378,Coco Jones,5GYYcSRztrfIAf5x5ods0K,Just My Luck,0.228,0.486,220134,0.48100000000000004,0.0,1,0.0994,-8.345,1,0.226,114.926,4,0.4920000000000001,41,Just My Luck,Just My Luck Coco Jones,44.0,0,0,9,0,0,0,0,0,0,9,0,0,100,0,0,0,0,0,0,0,51,0,0,0,0,0,39,0,0,2,0,0,0,43,0,0,0,0,68,0,0,0,0,0,4,0,0,0,2,0,0,0,0,0,46,0,0,0,14,0,68,0,0,0,0,17,0,0,0,0,0,0,0,0,0,9,0,0,0,0,0,0,12,0,0,31,0,0,0,0,0,0,0,0,0,0,0,0,29,34,0,21,4,0,0,53,0,21,12,0,4,0,0,0,92,0,0,21,0,0,41,0,0,0,0,0,0,0,0,0,0,0,29,0,0,0,0,0,0,0,0,4,0,0,0,0,0,0,19,0,0,0,0,0,65,0,41,0,0,0,0,0,0,0,63,0,29,0,0,0,0,0,4,36,0,7,0,0,0,34,0,0,0,0,0,17,0,36,0,0,17,0,0,73,0,0,51,0,0,0,12,0,0,0,0,0,0,0,0,0,0,0,0,53,0,0,0,36,0,0,12,0,0,0,0,0,12,4,0,0,0,0,0,0,0,0,63,78,0,0,0,0,0,0,0,0,0,0,0,0,"('1199242', 'Sep 18, 2018')"
79,41379,Derek Pope,6lfRg1gVra5tiozTFSJP2i,Do U Even Want To See The Future,0.6559999999999999,0.34600000000000003,222270,0.4920000000000001,0.006640000000000001,11,0.126,-8.821,0,0.0426,137.653,4,0.0904,23,Do U Even Want To See The Future,Do U Even Want To See The Future Derek Pope,45.0,0,0,0,0,0,0,0,0,0,0,0,0,0,0,0,0,0,0,0,0,0,0,0,0,0,0,0,0,0,0,0,0,0,0,0,0,0,0,0,0,0,0,0,0,0,0,0,0,0,0,0,0,0,0,0,0,0,0,0,0,0,0,0,0,0,0,0,0,0,0,0,0,0,0,0,0,0,0,0,0,0,0,0,0,0,0,0,0,0,0,0,0,0,0,0,0,0,0,0,0,0,0,0,0,0,0,0,0,0,0,0,0,0,0,0,0,0,0,0,0,0,0,0,0,0,0,0,0,0,0,0,0,0,0,0,0,0,0,0,0,0,0,0,0,0,0,0,0,0,0,0,0,0,0,0,0,0,0,0,0,0,0,0,0,0,0,0,0,0,0,0,0,0,0,0,0,0,0,0,0,0,0,0,0,0,0,0,0,0,0,0,0,0,0,0,0,0,0,0,0,0,0,0,0,0,0,0,0,0,0,0,0,0,0,0,0,0,0,0,0,0,0,0,0,0,0,0,0,0,0,0,0,0,0,0,0,0,0,0,0,0,0,0,0,0,0,0,0,0,0,"('2429', 'Feb 16, 2018')"
80,41380,Locko,1otHPdanqc7wv98i8nhoe0,Je serai la,0.316,0.8079999999999999,241224,0.644,0.0,7,0.0658,-6.388,0,0.0371,107.01,4,0.9670000000000001,0,Je serai la,Je serai la Locko,37.0,0,0,1,0,0,0,0,0,0,0,0,0,0,0,0,0,0,0,0,0,21,0,0,0,0,0,0,0,0,0,0,0,0,0,0,0,0,100,2,0,0,0,0,0,0,0,0,0,0,0,0,20,0,0,0,0,0,0,0,0,0,0,0,0,0,0,0,0,0,0,0,0,0,0,0,33,0,0,0,0,0,0,0,0,0,0,0,0,0,0,0,0,0,0,0,0,0,0,0,0,0,0,0,0,0,0,0,0,0,0,0,0,0,0,0,0,0,0,0,0,0,0,0,0,0,0,0,0,0,0,0,0,0,0,0,0,0,0,0,0,0,0,0,0,0,0,0,0,1,0,0,0,0,0,0,0,0,0,0,0,0,0,0,0,0,0,0,0,0,0,0,0,0,0,0,0,10,0,0,0,0,0,0,0,0,0,0,0,0,0,0,0,0,0,0,0,0,0,0,0,0,0,0,0,0,0,0,0,0,0,0,0,0,0,4,0,0,0,0,0,0,0,0,0,0,0,2,0,0,0,0,0,0,0,0,0,0,0,0,0,0,0,0,0,0,0,0,0,0,0,"('7522913', 'Aug 10, 2017')"
81,41381,Marisela,7gg1BcbfZks1A78ULOaLPo,A Cambio de Que,0.598,0.6920000000000001,214533,0.32899999999999996,4.66e-05,3,0.102,-14.693,1,0.0343,136.797,4,0.4270000000000001,28,A Cambio de Que,A Cambio de Que Marisela,61.0,0,0,0,0,0,0,0,0,0,22,0,0,0,0,0,0,0,0,0,0,0,0,0,0,0,49,0,0,0,1,0,0,0,0,0,0,0,0,1,0,0,0,0,0,32,0,0,0,43,0,0,0,0,75,0,0,0,0,0,0,0,0,0,47,41,0,74,0,0,0,0,0,0,0,0,0,0,0,0,0,0,0,0,0,0,0,0,0,0,0,97,0,0,0,0,0,0,100,0,0,0,0,0,0,0,0,0,0,0,0,0,0,0,0,0,0,0,0,0,0,0,0,0,0,0,0,0,0,0,0,0,0,0,0,0,0,0,0,0,0,0,65,0,0,0,0,0,0,0,0,0,0,0,0,0,0,0,72,0,0,0,0,0,0,0,0,0,0,0,26,0,39,22,0,0,0,0,13,0,0,0,0,0,0,0,0,0,0,0,0,0,0,0,0,0,0,0,0,0,0,13,0,0,0,0,0,0,0,0,0,0,0,0,0,0,0,0,0,0,0,0,0,0,0,0,0,0,0,0,0,0,0,0,0,0,0,0,9,29,0,0,0,25,0,0,0,0,0,0,0,"('27060', ' 19, 2019')"
82,41382,Lungfulls,3yhDQ7mf4xS72mohgjn6i2,Cocoa,0.634,0.887,134483,0.613,0.8029999999999999,10,0.11199999999999999,-11.347000000000001,0,0.287,116.00299999999999,4,0.46799999999999997,33,Cocoa,Cocoa Lungfulls,46.0,0,0,0,0,0,0,0,0,0,1,0,0,6,2,0,32,0,4,38,0,3,0,0,0,0,4,0,0,0,1,0,0,0,0,0,0,0,0,9,0,0,0,0,0,1,0,0,0,3,0,0,0,0,5,0,0,0,0,2,0,4,0,0,4,7,0,0,0,0,0,0,0,0,0,3,2,0,0,0,0,0,0,2,100,0,2,0,0,0,0,2,0,0,0,26,0,0,12,2,2,0,4,1,0,0,10,0,2,2,25,1,0,0,0,22,0,0,0,0,0,0,0,0,0,0,0,0,0,0,0,0,0,3,0,0,0,0,0,0,13,0,3,0,0,0,0,0,0,0,0,0,0,0,2,3,0,9,0,0,18,0,0,0,0,4,0,5,0,0,7,0,0,4,5,0,2,3,0,4,2,0,0,0,0,0,1,0,0,0,0,4,0,0,0,0,0,8,0,1,0,3,6,0,0,0,0,0,0,0,0,0,0,0,5,3,0,0,1,0,17,1,0,0,0,0,51,0,0,0,0,0,0,0,0,0,5,8,12,5,0,0,0,2,0,0,0,0,0,0,0,"('537', 'Mar 16, 2016')"
83,41383,B.I.P.,07mQvpU5aWnyCJk4maOZ65,Atmosphere,0.132,0.504,271191,0.838,0.0,0,0.616,-7.362999999999999,0,0.35200000000000004,95.803,4,0.624,1,Atmosphere,Atmosphere B.I.P.,18.0,0,0,0,0,0,0,0,0,0,7,0,0,45,36,0,0,0,5,0,0,43,0,0,0,0,0,0,0,0,7,0,0,0,22,0,0,0,0,70,0,0,0,0,0,8,0,0,0,5,0,0,0,0,15,24,0,0,0,28,0,35,0,0,0,0,1,0,0,0,0,0,0,0,0,24,47,0,0,0,0,0,0,24,75,0,40,0,0,0,0,0,0,0,0,0,0,0,0,0,22,0,14,7,0,0,61,0,12,21,0,1,0,0,0,33,0,0,0,0,0,0,0,0,0,0,0,28,0,0,0,0,0,24,0,0,0,0,0,0,0,0,10,0,0,0,0,0,0,5,0,0,0,0,0,33,0,40,0,0,49,0,0,0,0,38,0,8,0,0,0,0,0,3,24,0,19,28,0,0,21,5,0,0,0,0,3,0,12,0,0,22,0,24,0,0,0,59,0,7,0,14,0,0,0,0,0,0,0,0,0,0,0,0,24,35,0,0,3,0,0,3,0,0,0,0,0,0,3,0,0,0,0,0,0,7,10,64,100,0,0,0,0,0,1,0,0,0,0,0,0,"('578', 'May 9, 2014')"
84,41384,Caliban,3HIbM83JZEslWEowpEgHcU,Carry on,0.0059,0.37799999999999995,201440,0.93,0.0,5,0.0917,-4.6,0,0.114,177.33700000000005,4,0.231,31,Carry on,Carry on Caliban,48.0,0,0,0,0,0,0,0,0,0,3,0,0,18,12,0,0,17,0,0,0,7,0,0,0,0,0,0,0,0,9,0,0,0,0,0,0,0,0,23,0,0,0,0,0,5,0,0,0,3,0,0,0,0,0,0,0,0,0,7,0,10,0,0,0,3,0,0,0,0,0,0,0,0,0,11,6,0,0,0,0,0,0,10,0,0,12,0,0,0,0,0,0,0,0,0,0,0,0,6,11,0,37,2,0,0,16,0,4,9,0,3,0,0,0,0,0,0,8,0,0,0,0,0,0,0,0,0,0,0,0,0,0,5,0,0,0,0,0,0,0,0,4,0,0,0,0,0,0,0,0,0,0,0,0,7,0,23,0,0,0,0,0,0,0,8,0,100,0,0,0,0,0,3,5,0,5,11,0,0,7,1,0,0,0,0,7,0,4,0,0,10,0,0,0,0,0,9,0,2,0,6,0,0,0,0,0,0,0,0,0,0,0,0,7,8,0,0,1,0,0,1,0,0,0,0,0,0,2,0,0,0,0,0,0,2,25,17,18,0,0,0,0,0,0,0,0,0,0,0,0,"('1755', 'Apr 9, 2018')"
85,41385,Skeletal Remains,6CtGteQxJeQZ5YSbZExVNx,Ripperology,2.02e-05,0.262,320547,0.961,0.0982,2,0.324,-5.544,1,0.11599999999999999,110.70299999999999,3,0.214,20,Ripperology,Ripperology Skeletal Remains,24.0,0,0,0,0,0,0,0,0,0,0,0,0,0,0,0,0,0,0,0,0,0,0,0,0,0,0,0,0,0,0,0,0,0,0,0,0,0,0,0,0,0,0,0,0,0,0,0,0,0,0,0,0,0,0,0,0,0,0,0,0,0,0,0,0,0,0,0,0,0,0,0,0,0,0,0,0,0,0,0,0,0,0,0,0,0,0,0,0,0,0,0,0,0,0,0,0,0,0,0,0,0,0,0,0,0,0,0,0,0,0,0,0,0,0,0,0,0,0,0,0,0,0,0,0,0,0,0,0,0,0,0,0,0,0,0,0,0,0,0,0,0,0,0,0,0,0,0,0,0,0,0,0,0,0,0,0,0,0,0,0,0,0,0,0,0,0,0,0,0,0,0,0,0,0,0,0,0,0,0,0,0,0,0,0,0,0,0,0,0,0,0,0,0,0,0,0,0,0,0,0,0,0,0,0,0,0,0,0,0,0,0,0,0,0,0,0,0,0,0,0,0,0,0,0,0,0,0,0,0,0,0,0,0,0,0,0,0,100,0,0,0,0,0,0,0,0,0,0,0,0,"('72341', 'Apr 21, 2018')"
86,41386,Los Buitres De Culiacan Sinaloa,23N451rfu5WvpuJxF06x8e,Me Dio Gusto Conocerte,0.22699999999999998,0.772,152805,0.6559999999999999,2.8000000000000013e-05,10,0.11800000000000001,-6.6579999999999995,1,0.0455,155.151,3,0.95,39,Me Dio Gusto Conocerte,Me Dio Gusto Conocerte Los Buitres De Culiacan Sinaloa,56.0,0,0,0,0,0,0,0,0,0,0,0,0,0,0,0,0,0,0,0,0,0,0,0,0,0,0,0,0,0,0,0,0,0,0,0,0,0,0,0,0,0,0,0,0,0,0,0,0,0,0,0,0,0,0,0,0,0,0,0,0,0,0,0,0,0,0,0,0,0,0,0,0,0,0,0,0,0,0,0,0,0,0,0,0,0,0,0,0,0,0,0,0,0,0,0,0,0,0,0,0,0,0,0,0,0,0,0,0,0,0,0,0,0,0,0,0,0,0,0,0,0,0,0,0,0,0,0,0,0,0,0,0,0,0,0,0,0,0,0,0,0,100,0,0,0,0,0,0,0,0,0,0,0,0,0,0,0,0,0,0,0,0,0,0,0,0,0,0,0,0,0,0,0,0,0,0,0,0,0,0,0,0,0,0,0,0,0,0,0,0,0,0,0,0,0,0,0,0,0,0,0,0,0,0,0,0,0,0,0,0,0,0,0,0,0,0,0,0,0,0,0,0,0,0,0,0,0,0,0,0,0,0,0,0,0,0,0,0,0,0,0,0,0,0,0,0,0,0,0,0,"('5305986', 'Apr 1, 2016')"
87,41387,Morgan McMichaels,7DiIXQpomZNEpg4f9oetLv,Why You Mad Tho? (Drew G Rdr Remix),0.0274,0.703,73705,0.835,0.0388,6,0.109,-9.542,0,0.21,127.024,4,0.10300000000000001,25,Why You Mad Tho? ,Why You Mad Tho?  Morgan McMichaels,13.0,0,0,0,0,0,0,0,0,0,0,0,0,0,0,0,0,0,0,0,0,0,0,0,0,0,0,0,0,0,0,0,0,0,0,0,0,0,0,0,0,0,0,0,0,0,0,0,0,0,0,0,0,0,0,0,0,0,0,0,0,0,0,0,0,0,0,0,0,0,0,0,0,0,0,0,0,0,0,0,0,0,0,0,0,0,0,0,0,0,0,0,0,0,0,0,0,0,0,0,0,0,0,0,0,0,0,0,0,0,0,0,0,0,0,0,0,0,0,0,0,0,0,0,0,0,0,0,0,0,0,0,0,0,0,0,0,0,0,0,0,0,0,0,0,0,0,0,0,0,0,0,0,0,0,0,0,0,0,0,0,0,0,0,0,0,0,0,0,0,0,0,0,0,0,0,0,0,0,0,0,0,0,0,0,0,0,0,0,0,0,0,0,0,0,0,0,0,0,0,0,0,0,0,0,0,0,0,0,0,0,0,0,0,0,0,0,0,0,0,0,0,0,0,0,0,0,0,0,0,0,0,0,0,0,0,0,0,0,0,0,0,0,0,0,0,0,0,0,0,0,"('61767', 'Jan 27, 2018')"
88,41388,Rajiv Dhall,4bW6Dp8EzuPrDegAXmqbOZ,Never Be the Same,0.182,0.688,210462,0.564,0.0,2,0.457,-8.312000000000001,1,0.0276,130.1,4,0.29100000000000004,25,Never Be the Same,Never Be the Same Rajiv Dhall,37.0,0,0,10,0,0,0,0,0,0,29,0,0,70,74,0,0,0,8,0,0,29,0,0,0,0,26,0,0,0,21,0,0,0,28,0,0,18,0,71,0,0,0,0,0,24,0,0,0,21,0,0,0,0,28,40,0,0,0,26,0,29,0,0,18,24,10,35,0,0,0,0,0,0,0,17,21,0,0,0,0,0,0,29,0,0,54,0,0,0,0,36,0,0,0,0,0,0,33,29,27,0,5,25,0,0,75,0,22,21,85,4,0,12,0,48,0,0,0,0,0,0,18,0,0,0,0,36,0,0,45,0,0,43,0,0,0,0,0,0,0,0,41,0,0,0,0,0,0,10,0,0,0,0,20,21,0,75,0,0,0,0,0,0,0,24,0,8,0,0,26,0,0,36,100,0,34,78,48,0,41,1,0,0,0,0,8,0,21,0,0,75,0,40,86,0,0,90,0,19,0,52,0,0,0,0,0,0,0,0,0,0,0,0,12,27,0,0,22,0,0,22,0,0,0,0,91,21,4,0,0,0,0,0,0,0,34,62,78,31,0,0,0,35,6,0,0,0,0,0,0,"('893829', 'Jan 17, 2018')"
89,41389,Wiki,2yDWCRlw9Ces2LAAWaODYf,Hands Out,0.632,0.863,202351,0.667,0.0,0,0.11199999999999999,-4.4860000000000015,0,0.262,130.015,4,0.583,17,Hands Out,Hands Out Wiki,47.0,0,0,0,0,0,0,0,0,0,0,0,0,85,0,0,0,0,0,0,0,0,0,0,0,0,0,0,0,0,4,0,0,0,0,0,0,0,0,69,0,0,0,0,0,0,0,0,0,0,0,0,0,0,0,0,0,0,0,0,0,0,0,0,0,0,0,0,0,0,0,0,0,0,0,0,11,0,0,0,0,0,0,21,0,0,0,0,0,0,0,0,0,0,0,0,0,0,0,21,0,0,8,6,0,0,100,0,0,29,0,6,0,0,0,0,0,0,0,0,0,0,0,0,0,0,0,0,0,0,0,0,0,12,0,0,0,0,0,0,0,0,9,0,0,0,0,0,0,0,0,0,0,0,0,26,0,84,0,0,0,0,0,0,0,34,0,9,0,0,0,0,0,0,34,0,12,0,0,0,0,1,0,0,0,0,0,0,0,0,0,41,0,0,0,0,0,68,0,0,0,11,0,0,0,0,0,0,0,0,0,0,0,0,22,0,0,0,0,0,0,2,0,0,0,0,0,0,2,0,0,0,0,0,0,6,17,72,97,0,0,0,0,4,1,0,0,0,0,0,0,"('212253', 'Jun 27, 2017')"
90,41390,Gaho,1JF7697XjMGCKWPMW5CEUz,Memory,0.557,0.294,237588,0.48200000000000004,0.0,10,0.156,-5.892,1,0.0326,143.843,4,0.105,32,Memory,Memory Gaho,45.0,0,0,5,0,0,0,0,0,0,13,0,0,55,32,0,0,0,69,0,0,30,0,0,0,0,0,0,0,0,11,0,0,0,28,0,0,23,0,61,0,0,0,0,0,15,0,0,0,9,0,0,0,0,19,36,0,0,0,32,0,36,0,0,0,11,9,0,0,0,0,0,0,0,0,46,19,0,0,0,0,0,0,25,0,0,32,0,0,0,0,0,0,0,0,0,0,0,0,40,34,0,67,51,0,3,59,0,19,25,100,17,0,0,0,48,0,0,21,0,0,0,0,0,0,0,0,46,0,0,0,0,0,51,0,0,0,0,0,0,0,0,13,0,0,0,0,0,0,9,0,0,0,0,75,32,0,55,0,0,73,0,0,0,0,44,0,61,0,0,0,0,0,11,78,0,21,32,0,36,30,7,0,0,0,0,13,0,30,0,0,63,0,34,0,0,0,84,0,13,0,19,63,0,0,0,0,0,0,0,0,0,0,0,36,28,0,0,17,0,0,9,0,0,0,0,88,0,9,0,0,0,0,0,0,9,36,63,69,0,0,0,0,13,9,0,0,0,0,0,0,"('36108', 'Feb 26, 2018')"
91,41391,Stalgia,1MydmJbTMhmIoAdW3ObnG5,In the Trees - Andrew Luce Remix,0.182,0.5870000000000001,265714,0.466,0.000758,6,0.0987,-9.482000000000001,0,0.0303,84.024,4,0.0951,26,In the Trees ,In the Trees  Stalgia,39.0,0,0,0,0,0,0,0,0,0,7,0,0,85,26,0,0,0,9,0,0,28,0,0,0,0,0,0,0,0,4,0,0,0,0,0,0,0,0,61,0,0,0,0,0,9,0,0,0,6,0,0,0,0,7,45,0,0,0,13,0,27,0,0,0,0,4,0,0,0,0,0,0,0,0,19,16,0,0,0,0,0,0,15,0,0,27,0,0,0,0,0,0,0,0,0,0,0,0,0,19,0,16,5,0,0,62,0,11,12,50,2,0,0,0,43,0,0,7,0,0,0,8,0,0,0,0,0,0,0,0,0,0,12,0,0,0,0,0,0,0,0,9,0,0,0,0,0,0,0,0,0,0,0,19,28,0,51,0,0,0,0,0,0,0,27,0,11,0,0,0,0,0,0,32,0,12,22,0,0,20,2,0,0,0,0,4,0,0,0,0,22,0,0,0,0,0,69,0,4,0,11,25,0,0,0,0,0,0,0,0,0,0,0,20,18,0,0,2,0,0,2,0,0,0,0,100,0,3,0,0,0,0,0,0,2,12,60,58,0,0,0,0,0,1,0,0,0,0,0,0,"('1491848', 'Aug 11, 2016')"
92,41392,Valis Ablaze,237rOWj6N5smxVfKkqzjFG,The Crossing,0.0146,0.504,317689,0.935,0.000787,0,0.11599999999999999,-4.175,0,0.0621,125.025,3,0.172,26,The Crossing,The Crossing Valis Ablaze,28.0,0,0,3,0,0,0,0,0,0,5,0,0,37,17,0,0,0,7,0,0,17,0,0,0,0,0,0,0,0,5,0,0,0,15,0,0,0,0,32,0,0,0,0,0,8,0,0,0,4,0,0,0,0,8,19,0,0,0,13,0,19,0,0,0,4,4,0,0,0,0,0,0,0,0,12,13,0,0,0,0,0,0,18,68,0,16,0,0,0,0,0,0,0,0,0,0,0,0,18,19,0,6,16,0,1,29,0,9,10,46,3,0,0,0,98,0,0,0,0,0,0,0,0,0,0,0,0,0,0,0,0,0,28,0,0,0,0,0,0,0,0,6,0,0,0,0,0,0,5,0,0,0,0,14,13,0,30,0,0,53,0,0,0,0,20,0,6,0,0,0,0,0,5,34,0,7,15,31,0,9,2,0,0,0,0,4,0,9,0,0,46,0,12,0,0,0,100,0,5,0,13,15,0,0,0,0,0,0,0,0,0,0,0,20,11,0,0,7,0,30,9,0,0,0,0,40,0,4,0,0,0,0,0,0,2,12,31,30,0,0,0,0,5,5,0,0,0,0,0,0,"('26619', 'Feb 16, 2018')"
93,41393,GAITS,6uO4qiY122JCryhw994FPf,Other Side,0.27699999999999997,0.537,231300,0.499,0.00168,8,0.113,-8.351,0,0.0277,99.992,4,0.153,19,Other Side,Other Side GAITS,12.0,0,0,0,0,0,0,0,0,0,11,0,0,68,30,0,0,0,9,0,0,24,0,0,0,0,0,0,0,0,5,0,0,0,15,0,0,0,0,47,0,0,0,0,0,17,0,0,0,10,0,0,0,0,11,24,0,0,0,25,0,31,0,0,0,9,5,0,0,0,0,0,0,0,0,25,14,0,0,0,0,0,0,22,0,0,24,0,0,0,0,10,0,0,0,0,0,0,0,22,30,0,5,5,0,0,82,0,14,16,33,20,0,0,0,35,0,0,0,0,0,0,0,0,0,0,0,0,0,0,0,0,0,13,0,0,0,0,0,0,0,0,16,0,0,0,0,0,0,5,0,0,0,0,9,28,0,66,0,0,38,0,0,0,0,25,0,7,0,0,0,0,0,9,26,0,14,20,25,0,12,3,0,0,0,0,4,0,14,0,0,40,0,17,0,0,0,35,0,10,0,20,13,0,0,0,0,0,0,0,0,0,0,0,23,21,0,0,11,0,0,2,0,0,0,0,0,0,2,0,0,0,0,0,0,4,15,100,69,0,0,0,0,8,1,0,0,0,0,0,0,"('7191', 'Aug 5, 2018')"
94,41394,Nightcore,0oJlmlLBUSWi3V1i8ECMVh,Hellgate,0.0129,0.812,187599,0.7559999999999999,0.466,10,0.11199999999999999,-5.712999999999999,0,0.337,161.445,4,0.779,21,Hellgate,Hellgate Nightcore,60.0,0,0,0,0,0,0,0,0,0,4,0,0,16,44,0,0,0,0,0,100,17,0,0,0,0,0,9,0,0,8,0,0,0,20,0,0,0,0,14,0,0,0,0,0,6,0,0,0,1,0,0,0,0,5,21,0,0,0,58,0,19,0,0,0,0,0,0,0,0,0,0,0,0,0,70,7,0,0,0,0,0,27,48,0,0,9,0,0,0,0,0,0,0,0,0,0,0,0,0,85,0,3,4,0,0,0,0,5,10,0,0,0,0,8,0,0,0,0,0,0,0,0,0,0,0,0,13,0,0,0,0,0,5,0,0,0,0,0,0,0,0,3,0,30,0,0,0,0,0,0,0,0,0,0,5,0,20,0,0,0,0,0,0,0,22,0,2,0,0,0,0,0,7,4,0,19,7,0,0,22,44,0,0,0,0,0,0,20,0,0,17,0,72,0,0,0,5,0,3,0,12,0,0,0,0,0,0,0,0,0,0,0,0,28,9,0,0,7,0,0,97,0,0,0,0,0,0,3,0,0,0,0,0,0,47,3,13,15,0,0,0,0,12,1,0,0,0,0,0,0,"('470', 'Mar 8, 2018')"
95,41395,KJ-52,69eoHr59a6LdI8NW6FF8Gz,Saw the Light (Love God Love People) [feat. Sean C Johnson],0.0669,0.7509999999999999,210505,0.868,0.0,1,0.5479999999999999,-4.67,1,0.172,139.94899999999998,4,0.7190000000000001,25,Saw the Light ,Saw the Light  KJ-52,43.0,0,0,0,0,0,0,0,0,0,0,0,0,39,0,0,0,0,0,0,0,0,0,0,0,0,0,0,0,0,6,0,0,0,0,0,0,0,0,71,0,0,0,0,0,0,0,0,0,0,0,0,0,0,0,0,0,0,0,0,0,0,0,0,0,0,0,0,0,0,0,0,0,0,0,0,14,0,0,0,0,0,0,24,0,0,0,0,0,0,0,0,0,0,0,0,0,0,0,0,0,0,4,5,0,0,0,0,0,17,0,11,0,0,0,0,0,0,0,0,0,0,0,0,0,0,0,0,0,0,0,0,0,0,0,0,0,0,0,0,0,0,8,0,0,0,0,0,0,0,0,0,0,0,0,45,0,0,0,0,0,0,0,0,0,0,0,0,0,0,0,0,0,0,22,0,15,0,0,0,11,0,0,0,0,0,0,0,0,0,0,0,0,0,0,0,0,52,0,0,0,8,0,0,0,0,0,0,0,0,0,0,0,0,0,0,0,0,0,0,0,0,0,0,0,0,0,0,0,0,0,0,0,0,0,0,0,56,100,0,0,0,0,0,0,0,0,0,0,0,0,"('8481', 'May 3, 2012')"
96,41396,Jon Keith,3NpIlIi07DU5H3EMlXWKI1,Mean It / Talk About It,0.075,0.491,237553,0.41600000000000004,0.0,11,0.0566,-10.585,0,0.33,86.97200000000002,4,0.349,18,Mean It / Talk About It,Mean It / Talk About It Jon Keith,41.0,0,0,0,0,0,0,0,0,0,0,0,0,0,0,0,0,0,0,0,0,0,0,0,0,0,0,0,0,0,0,0,0,0,0,0,0,0,0,0,0,0,0,0,0,0,0,0,0,0,0,0,0,0,0,0,0,0,0,0,0,0,0,0,0,0,0,0,0,0,0,0,0,0,0,0,0,0,0,0,0,0,0,0,0,0,0,0,0,0,0,0,0,0,0,0,0,0,0,0,0,0,0,0,0,0,0,0,0,0,0,0,0,0,0,0,0,0,0,0,0,0,0,0,0,0,0,0,0,0,0,0,0,0,0,0,0,0,0,0,0,0,0,0,0,0,0,0,0,0,0,0,0,0,0,0,0,0,0,0,0,0,0,0,0,0,0,0,0,0,0,0,0,0,0,0,0,0,0,0,0,0,0,0,0,0,0,0,0,0,0,0,0,0,0,0,0,0,0,0,0,0,0,0,0,0,0,0,0,0,0,0,0,0,0,0,0,0,0,0,0,0,0,0,0,0,0,0,0,0,0,0,0,0,0,0,0,0,0,0,0,0,0,0,0,0,0,0,0,0,0,"('40535', ' 16, 2018')"
97,41397,Steve Kroeger,37vU1oF53hdTAdLfBpBFsC,Sound Asleep,0.109,0.628,207000,0.541,4.02e-06,6,0.0693,-5.852,0,0.0531,84.947,4,0.17600000000000002,13,Sound Asleep,Sound Asleep Steve Kroeger,39.0,0,0,0,0,0,0,0,0,0,0,0,0,100,0,0,0,0,0,0,0,0,0,0,0,0,0,0,0,0,0,0,0,0,0,0,0,0,0,76,0,0,0,0,0,0,0,0,0,0,0,0,0,0,0,0,0,0,0,0,0,0,0,0,0,0,0,0,0,0,0,0,0,0,0,0,0,0,0,0,0,0,0,0,0,0,0,0,0,0,0,0,0,0,0,0,0,0,0,0,0,0,6,0,0,0,0,0,0,0,0,0,0,0,0,0,0,0,0,0,0,0,0,0,0,0,0,0,0,0,0,0,0,0,0,0,0,0,0,0,0,0,0,0,0,0,0,0,0,0,0,0,0,0,0,0,0,0,0,0,0,0,0,0,0,0,0,0,0,0,0,0,0,0,0,0,0,0,0,0,0,0,0,0,0,0,0,0,0,0,0,0,0,0,0,0,0,0,0,0,0,0,0,0,0,0,0,0,0,0,0,0,0,0,0,0,0,0,0,0,0,0,0,0,0,0,0,0,0,0,0,0,0,0,0,0,0,99,77,0,0,0,0,0,0,0,0,0,0,0,0,"('15304', 'Jan 5, 2018')"
98,41398,Rockit Gaming,5jaTph39R4nxUqVvQRDZCC,"Freddy Vs Bendy, Pt. 3",0.0987,0.8740000000000001,176196,0.6990000000000001,0.0,11,0.10099999999999999,-8.434,0,0.344,90.029,4,0.441,23,Freddy Vs Bendy,Freddy Vs Bendy Rockit Gaming,52.0,0,0,0,0,0,0,0,0,0,0,0,0,0,0,0,0,0,0,0,0,0,0,0,0,0,0,0,0,0,0,0,0,0,0,0,0,0,0,0,0,0,0,0,0,0,0,0,0,0,0,0,0,0,0,0,0,0,0,0,0,0,0,0,0,0,0,0,0,0,0,0,0,0,0,0,0,0,0,0,0,0,0,0,0,0,0,0,0,0,0,0,0,0,0,0,0,0,0,0,0,0,0,0,0,0,0,0,0,0,0,0,0,0,0,0,0,0,0,0,0,0,0,0,0,0,0,0,0,0,0,0,0,0,0,0,0,0,0,0,0,0,0,0,0,0,0,0,0,0,0,0,0,0,0,0,0,0,0,0,0,0,0,0,0,0,0,0,0,0,0,0,0,0,0,0,0,0,0,0,0,0,0,0,0,0,0,0,0,0,0,0,0,0,0,0,0,0,0,0,0,0,0,0,0,0,0,0,0,0,0,0,0,0,0,0,0,0,0,0,0,0,0,0,0,0,0,0,0,0,0,0,0,0,0,0,0,0,100,0,0,0,0,0,0,0,0,0,0,0,0,"('155687', ' 12, 2018')"
99,41399,Thundercat,5LtKMzLcJYkqwdtoDDQySB,Bus In These Streets (Chopnotslop Remix),0.743,0.748,187507,0.45299999999999996,0.0182,6,0.11599999999999999,-15.837,1,0.11599999999999999,103.209,4,0.38299999999999995,21,Bus In These Streets ,Bus In These Streets  Thundercat,63.0,0,0,0,0,0,0,0,0,0,0,0,0,0,0,0,0,0,0,0,0,0,0,0,0,0,0,0,0,0,0,0,0,0,0,0,0,0,0,0,0,0,0,0,0,0,0,0,0,0,0,0,0,0,0,0,0,0,0,0,0,0,0,0,0,0,0,0,0,0,0,0,0,0,0,0,0,0,0,0,0,0,0,0,0,0,0,0,0,0,0,0,0,0,0,0,0,0,0,0,0,0,0,0,0,0,0,0,0,0,0,0,0,0,0,0,0,0,0,0,0,0,0,0,0,0,0,0,0,0,0,0,0,0,0,0,0,0,0,0,0,0,0,0,0,0,0,0,0,0,0,0,0,0,0,0,0,0,0,0,0,0,0,0,0,0,0,0,0,0,0,0,0,0,0,0,0,0,0,0,0,0,0,0,0,0,0,0,0,0,0,0,0,0,0,0,0,0,0,0,0,0,0,0,0,0,0,0,0,0,0,0,0,0,0,0,0,0,0,0,0,0,0,0,0,0,0,0,0,0,0,0,0,0,0,0,0,0,100,0,0,0,0,0,0,0,0,0,0,0,0,"('195083', 'Aug 24, 2016')"
